CountryName,CountryCode,Date,cases_weekly,deaths_weekly
Albania,ALB,2021-01-18T00:00:00Z,4095,36
Albania,ALB,2021-01-11T00:00:00Z,4157,48
Albania,ALB,2021-01-04T00:00:00Z,2866,29
Albania,ALB,2020-12-28T00:00:00Z,3569,76
Albania,ALB,2020-12-21T00:00:00Z,4473,85
Albania,ALB,2020-12-14T00:00:00Z,5542,98
Albania,ALB,2020-12-07T00:00:00Z,5363,107
Albania,ALB,2020-11-30T00:00:00Z,4864,99
Albania,ALB,2020-11-23T00:00:00Z,4931,76
Albania,ALB,2020-11-16T00:00:00Z,3624,64
Albania,ALB,2020-11-09T00:00:00Z,3004,41
Albania,ALB,2020-11-02T00:00:00Z,2045,41
Albania,ALB,2020-10-26T00:00:00Z,2102,26
Albania,ALB,2020-10-19T00:00:00Z,1656,31
Albania,ALB,2020-10-12T00:00:00Z,1133,24
Albania,ALB,2020-10-05T00:00:00Z,1007,19
Albania,ALB,2020-09-28T00:00:00Z,874,15
Albania,ALB,2020-09-21T00:00:00Z,1032,28
Albania,ALB,2020-09-14T00:00:00Z,1098,18
Albania,ALB,2020-09-07T00:00:00Z,875,36
Albania,ALB,2020-08-31T00:00:00Z,953,30
Albania,ALB,2020-08-24T00:00:00Z,1047,22
Albania,ALB,2020-08-17T00:00:00Z,969,29
Albania,ALB,2020-08-10T00:00:00Z,892,33
Albania,ALB,2020-08-03T00:00:00Z,756,28
Albania,ALB,2020-07-27T00:00:00Z,673,26
Albania,ALB,2020-07-20T00:00:00Z,636,19
Albania,ALB,2020-07-13T00:00:00Z,561,17
Albania,ALB,2020-07-06T00:00:00Z,491,21
Albania,ALB,2020-06-29T00:00:00Z,475,11
Albania,ALB,2020-06-22T00:00:00Z,406,8
Albania,ALB,2020-06-15T00:00:00Z,275,2
Albania,ALB,2020-06-08T00:00:00Z,109,1
Albania,ALB,2020-06-01T00:00:00Z,139,1
Albania,ALB,2020-05-25T00:00:00Z,52,1
Albania,ALB,2020-05-18T00:00:00Z,78,0
Albania,ALB,2020-05-11T00:00:00Z,73,0
Albania,ALB,2020-05-04T00:00:00Z,69,3
Albania,ALB,2020-04-27T00:00:00Z,164,2
Albania,ALB,2020-04-20T00:00:00Z,116,3
Albania,ALB,2020-04-13T00:00:00Z,85,2
Albania,ALB,2020-04-06T00:00:00Z,149,11
Albania,ALB,2020-03-30T00:00:00Z,123,8
Albania,ALB,2020-03-23T00:00:00Z,47,1
Albania,ALB,2020-03-16T00:00:00Z,40,1
Albania,ALB,2020-03-09T00:00:00Z,2,0
Austria,AUT,2021-01-18T00:00:00Z,11406,383
Austria,AUT,2021-01-11T00:00:00Z,15133,378
Austria,AUT,2021-01-04T00:00:00Z,13188,381
Austria,AUT,2020-12-28T00:00:00Z,15164,656
Austria,AUT,2020-12-21T00:00:00Z,16186,816
Austria,AUT,2020-12-14T00:00:00Z,19060,668
Austria,AUT,2020-12-07T00:00:00Z,22794,828
Austria,AUT,2020-11-30T00:00:00Z,32058,705
Austria,AUT,2020-11-23T00:00:00Z,42630,520
Austria,AUT,2020-11-16T00:00:00Z,50986,344
Austria,AUT,2020-11-09T00:00:00Z,41398,221
Austria,AUT,2020-11-02T00:00:00Z,28574,130
Austria,AUT,2020-10-26T00:00:00Z,16979,74
Austria,AUT,2020-10-19T00:00:00Z,9574,46
Austria,AUT,2020-10-12T00:00:00Z,7365,51
Austria,AUT,2020-10-05T00:00:00Z,5152,26
Austria,AUT,2020-09-28T00:00:00Z,4909,21
Austria,AUT,2020-09-21T00:00:00Z,5222,10
Austria,AUT,2020-09-14T00:00:00Z,4141,20
Austria,AUT,2020-09-07T00:00:00Z,1976,3
Austria,AUT,2020-08-31T00:00:00Z,1979,1
Austria,AUT,2020-08-24T00:00:00Z,1866,4
Austria,AUT,2020-08-17T00:00:00Z,1362,7
Austria,AUT,2020-08-10T00:00:00Z,702,3
Austria,AUT,2020-08-03T00:00:00Z,823,6
Austria,AUT,2020-07-27T00:00:00Z,915,2
Austria,AUT,2020-07-20T00:00:00Z,724,2
Austria,AUT,2020-07-13T00:00:00Z,578,2
Austria,AUT,2020-07-06T00:00:00Z,644,4
Austria,AUT,2020-06-29T00:00:00Z,340,12
Austria,AUT,2020-06-22T00:00:00Z,247,13
Austria,AUT,2020-06-15T00:00:00Z,170,5
Austria,AUT,2020-06-08T00:00:00Z,226,4
Austria,AUT,2020-06-01T00:00:00Z,203,28
Austria,AUT,2020-05-25T00:00:00Z,285,11
Austria,AUT,2020-05-18T00:00:00Z,367,11
Austria,AUT,2020-05-11T00:00:00Z,249,20
Austria,AUT,2020-05-04T00:00:00Z,349,56
Austria,AUT,2020-04-27T00:00:00Z,479,90
Austria,AUT,2020-04-20T00:00:00Z,773,102
Austria,AUT,2020-04-13T00:00:00Z,1954,146
Austria,AUT,2020-04-06T00:00:00Z,3170,118
Austria,AUT,2020-03-30T00:00:00Z,5182,70
Austria,AUT,2020-03-23T00:00:00Z,2771,15
Austria,AUT,2020-03-16T00:00:00Z,758,1
Austria,AUT,2020-03-09T00:00:00Z,88,0
Austria,AUT,2020-03-02T00:00:00Z,14,0
Austria,AUT,2020-02-24T00:00:00Z,0,0
Austria,AUT,2020-02-17T00:00:00Z,0,0
Austria,AUT,2020-02-10T00:00:00Z,0,0
Austria,AUT,2020-02-03T00:00:00Z,0,0
Austria,AUT,2020-01-27T00:00:00Z,0,0
Austria,AUT,2020-01-20T00:00:00Z,0,0
Austria,AUT,2020-01-13T00:00:00Z,0,0
Austria,AUT,2020-01-06T00:00:00Z,0,0
Belarus,BLR,2021-01-18T00:00:00Z,13367,65
Belarus,BLR,2021-01-11T00:00:00Z,14031,75
Belarus,BLR,2021-01-04T00:00:00Z,11374,57
Belarus,BLR,2020-12-28T00:00:00Z,15065,70
Belarus,BLR,2020-12-21T00:00:00Z,13228,61
Belarus,BLR,2020-12-14T00:00:00Z,13138,56
Belarus,BLR,2020-12-07T00:00:00Z,12149,56
Belarus,BLR,2020-11-30T00:00:00Z,11009,55
Belarus,BLR,2020-11-23T00:00:00Z,9814,50
Belarus,BLR,2020-11-16T00:00:00Z,7906,39
Belarus,BLR,2020-11-09T00:00:00Z,6820,22
Belarus,BLR,2020-11-02T00:00:00Z,6636,28
Belarus,BLR,2020-10-26T00:00:00Z,5125,28
Belarus,BLR,2020-10-19T00:00:00Z,4164,33
Belarus,BLR,2020-10-12T00:00:00Z,3239,39
Belarus,BLR,2020-10-05T00:00:00Z,2686,39
Belarus,BLR,2020-09-28T00:00:00Z,1935,38
Belarus,BLR,2020-09-21T00:00:00Z,1501,30
Belarus,BLR,2020-09-14T00:00:00Z,1314,39
Belarus,BLR,2020-09-07T00:00:00Z,1172,35
Belarus,BLR,2020-08-31T00:00:00Z,1219,34
Belarus,BLR,2020-08-24T00:00:00Z,952,32
Belarus,BLR,2020-08-17T00:00:00Z,666,23
Belarus,BLR,2020-08-10T00:00:00Z,783,20
Belarus,BLR,2020-08-03T00:00:00Z,935,33
Belarus,BLR,2020-07-27T00:00:00Z,1037,35
Belarus,BLR,2020-07-20T00:00:00Z,1163,35
Belarus,BLR,2020-07-13T00:00:00Z,1378,41
Belarus,BLR,2020-07-06T00:00:00Z,2079,40
Belarus,BLR,2020-06-29T00:00:00Z,2970,37
Belarus,BLR,2020-06-22T00:00:00Z,4532,38
Belarus,BLR,2020-06-15T00:00:00Z,5343,39
Belarus,BLR,2020-06-08T00:00:00Z,6074,34
Belarus,BLR,2020-06-01T00:00:00Z,6358,36
Belarus,BLR,2020-05-25T00:00:00Z,6548,34
Belarus,BLR,2020-05-18T00:00:00Z,6677,34
Belarus,BLR,2020-05-11T00:00:00Z,6268,32
Belarus,BLR,2020-05-04T00:00:00Z,6242,27
Belarus,BLR,2020-04-27T00:00:00Z,4656,25
Belarus,BLR,2020-04-20T00:00:00Z,3229,21
Belarus,BLR,2020-04-13T00:00:00Z,2014,18
Belarus,BLR,2020-04-06T00:00:00Z,470,8
Belarus,BLR,2020-03-30T00:00:00Z,18,0
Belarus,BLR,2020-03-23T00:00:00Z,49,0
Belarus,BLR,2020-03-16T00:00:00Z,21,0
Belarus,BLR,2020-03-09T00:00:00Z,5,0
Belarus,BLR,2020-03-02T00:00:00Z,1,0
Belarus,BLR,2020-02-24T00:00:00Z,0,0
Belarus,BLR,2020-02-17T00:00:00Z,0,0
Belarus,BLR,2020-02-10T00:00:00Z,0,0
Belarus,BLR,2020-02-03T00:00:00Z,0,0
Belarus,BLR,2020-01-27T00:00:00Z,0,0
Belarus,BLR,2020-01-20T00:00:00Z,0,0
Belarus,BLR,2020-01-13T00:00:00Z,0,0
Belarus,BLR,2020-01-06T00:00:00Z,0,0
Belgium,BEL,2021-01-18T00:00:00Z,13749,335
Belgium,BEL,2021-01-11T00:00:00Z,14696,382
Belgium,BEL,2021-01-04T00:00:00Z,11380,455
Belgium,BEL,2020-12-28T00:00:00Z,12582,530
Belgium,BEL,2020-12-21T00:00:00Z,17683,653
Belgium,BEL,2020-12-14T00:00:00Z,16793,664
Belgium,BEL,2020-12-07T00:00:00Z,15273,702
Belgium,BEL,2020-11-30T00:00:00Z,16252,875
Belgium,BEL,2020-11-23T00:00:00Z,22306,1125
Belgium,BEL,2020-11-16T00:00:00Z,33961,1335
Belgium,BEL,2020-11-09T00:00:00Z,53993,1416
Belgium,BEL,2020-11-02T00:00:00Z,99544,1060
Belgium,BEL,2020-10-26T00:00:00Z,105329,501
Belgium,BEL,2020-10-19T00:00:00Z,72195,236
Belgium,BEL,2020-10-12T00:00:00Z,38829,139
Belgium,BEL,2020-10-05T00:00:00Z,18884,84
Belgium,BEL,2020-09-28T00:00:00Z,11274,39
Belgium,BEL,2020-09-21T00:00:00Z,10108,27
Belgium,BEL,2020-09-14T00:00:00Z,6158,19
Belgium,BEL,2020-09-07T00:00:00Z,3655,17
Belgium,BEL,2020-08-31T00:00:00Z,3121,28
Belgium,BEL,2020-08-24T00:00:00Z,3453,42
Belgium,BEL,2020-08-17T00:00:00Z,3751,75
Belgium,BEL,2020-08-10T00:00:00Z,4340,30
Belgium,BEL,2020-08-03T00:00:00Z,3759,20
Belgium,BEL,2020-07-27T00:00:00Z,2489,15
Belgium,BEL,2020-07-20T00:00:00Z,1385,19
Belgium,BEL,2020-07-13T00:00:00Z,704,13
Belgium,BEL,2020-07-06T00:00:00Z,637,25
Belgium,BEL,2020-06-29T00:00:00Z,607,39
Belgium,BEL,2020-06-22T00:00:00Z,668,43
Belgium,BEL,2020-06-15T00:00:00Z,671,58
Belgium,BEL,2020-06-08T00:00:00Z,847,113
Belgium,BEL,2020-06-01T00:00:00Z,1144,161
Belgium,BEL,2020-05-25T00:00:00Z,1510,233
Belgium,BEL,2020-05-18T00:00:00Z,2071,315
Belgium,BEL,2020-05-11T00:00:00Z,3051,540
Belgium,BEL,2020-05-04T00:00:00Z,3095,701
Belgium,BEL,2020-04-27T00:00:00Z,5703,1197
Belgium,BEL,2020-04-20T00:00:00Z,7963,1667
Belgium,BEL,2020-04-13T00:00:00Z,11175,1979
Belgium,BEL,2020-04-06T00:00:00Z,9694,1584
Belgium,BEL,2020-03-30T00:00:00Z,8130,782
Belgium,BEL,2020-03-23T00:00:00Z,3673,199
Belgium,BEL,2020-03-16T00:00:00Z,1348,19
Belgium,BEL,2020-03-09T00:00:00Z,388,0
Belgium,BEL,2020-03-02T00:00:00Z,19,0
Belgium,BEL,2020-02-24T00:00:00Z,0,0
Belgium,BEL,2020-02-17T00:00:00Z,0,0
Belgium,BEL,2020-02-10T00:00:00Z,0,0
Belgium,BEL,2020-02-03T00:00:00Z,0,0
Belgium,BEL,2020-01-27T00:00:00Z,0,0
Belgium,BEL,2020-01-20T00:00:00Z,0,0
Belgium,BEL,2020-01-13T00:00:00Z,0,0
Belgium,BEL,2020-01-06T00:00:00Z,0,0
Bosnia and Herzegovina,BIH,2021-01-18T00:00:00Z,2325,128
Bosnia and Herzegovina,BIH,2021-01-11T00:00:00Z,3113,227
Bosnia and Herzegovina,BIH,2021-01-04T00:00:00Z,2954,178
Bosnia and Herzegovina,BIH,2020-12-28T00:00:00Z,4167,328
Bosnia and Herzegovina,BIH,2020-12-21T00:00:00Z,4407,289
Bosnia and Herzegovina,BIH,2020-12-14T00:00:00Z,6610,384
Bosnia and Herzegovina,BIH,2020-12-07T00:00:00Z,7133,332
Bosnia and Herzegovina,BIH,2020-11-30T00:00:00Z,7367,344
Bosnia and Herzegovina,BIH,2020-11-23T00:00:00Z,9107,419
Bosnia and Herzegovina,BIH,2020-11-16T00:00:00Z,8477,347
Bosnia and Herzegovina,BIH,2020-11-09T00:00:00Z,10918,262
Bosnia and Herzegovina,BIH,2020-11-02T00:00:00Z,10611,162
Bosnia and Herzegovina,BIH,2020-10-26T00:00:00Z,6774,102
Bosnia and Herzegovina,BIH,2020-10-19T00:00:00Z,3475,63
Bosnia and Herzegovina,BIH,2020-10-12T00:00:00Z,2670,50
Bosnia and Herzegovina,BIH,2020-10-05T00:00:00Z,1058,61
Bosnia and Herzegovina,BIH,2020-09-28T00:00:00Z,1493,53
Bosnia and Herzegovina,BIH,2020-09-21T00:00:00Z,1962,68
Bosnia and Herzegovina,BIH,2020-09-14T00:00:00Z,2320,50
Bosnia and Herzegovina,BIH,2020-09-07T00:00:00Z,1353,47
Bosnia and Herzegovina,BIH,2020-08-31T00:00:00Z,1889,63
Bosnia and Herzegovina,BIH,2020-08-24T00:00:00Z,2365,60
Bosnia and Herzegovina,BIH,2020-08-17T00:00:00Z,1210,67
Bosnia and Herzegovina,BIH,2020-08-10T00:00:00Z,2217,59
Bosnia and Herzegovina,BIH,2020-08-03T00:00:00Z,2039,60
Bosnia and Herzegovina,BIH,2020-07-27T00:00:00Z,1617,33
Bosnia and Herzegovina,BIH,2020-07-20T00:00:00Z,1568,30
Bosnia and Herzegovina,BIH,2020-07-13T00:00:00Z,1491,27
Bosnia and Herzegovina,BIH,2020-07-06T00:00:00Z,1178,11
Bosnia and Herzegovina,BIH,2020-06-29T00:00:00Z,784,13
Bosnia and Herzegovina,BIH,2020-06-22T00:00:00Z,430,6
Bosnia and Herzegovina,BIH,2020-06-15T00:00:00Z,328,4
Bosnia and Herzegovina,BIH,2020-06-08T00:00:00Z,164,7
Bosnia and Herzegovina,BIH,2020-06-01T00:00:00Z,109,9
Bosnia and Herzegovina,BIH,2020-05-25T00:00:00Z,111,11
Bosnia and Herzegovina,BIH,2020-05-18T00:00:00Z,172,25
Bosnia and Herzegovina,BIH,2020-05-11T00:00:00Z,260,31
Bosnia and Herzegovina,BIH,2020-05-04T00:00:00Z,341,18
Bosnia and Herzegovina,BIH,2020-04-27T00:00:00Z,247,12
Bosnia and Herzegovina,BIH,2020-04-20T00:00:00Z,262,8
Bosnia and Herzegovina,BIH,2020-04-13T00:00:00Z,344,14
Bosnia and Herzegovina,BIH,2020-04-06T00:00:00Z,340,18
Bosnia and Herzegovina,BIH,2020-03-30T00:00:00Z,198,5
Bosnia and Herzegovina,BIH,2020-03-23T00:00:00Z,107,1
Bosnia and Herzegovina,BIH,2020-03-16T00:00:00Z,18,0
Bulgaria,BGR,2021-01-18T00:00:00Z,3302,357
Bulgaria,BGR,2021-01-11T00:00:00Z,5460,448
Bulgaria,BGR,2021-01-04T00:00:00Z,5335,514
Bulgaria,BGR,2020-12-28T00:00:00Z,6521,555
Bulgaria,BGR,2020-12-21T00:00:00Z,11746,921
Bulgaria,BGR,2020-12-14T00:00:00Z,18028,891
Bulgaria,BGR,2020-12-07T00:00:00Z,18935,983
Bulgaria,BGR,2020-11-30T00:00:00Z,20666,934
Bulgaria,BGR,2020-11-23T00:00:00Z,23569,750
Bulgaria,BGR,2020-11-16T00:00:00Z,23091,465
Bulgaria,BGR,2020-11-09T00:00:00Z,21091,367
Bulgaria,BGR,2020-11-02T00:00:00Z,16180,204
Bulgaria,BGR,2020-10-26T00:00:00Z,8386,108
Bulgaria,BGR,2020-10-19T00:00:00Z,5101,94
Bulgaria,BGR,2020-10-12T00:00:00Z,2815,48
Bulgaria,BGR,2020-10-05T00:00:00Z,1532,48
Bulgaria,BGR,2020-09-28T00:00:00Z,1192,35
Bulgaria,BGR,2020-09-21T00:00:00Z,945,41
Bulgaria,BGR,2020-09-14T00:00:00Z,868,49
Bulgaria,BGR,2020-09-07T00:00:00Z,860,58
Bulgaria,BGR,2020-08-31T00:00:00Z,903,68
Bulgaria,BGR,2020-08-24T00:00:00Z,922,47
Bulgaria,BGR,2020-08-17T00:00:00Z,969,51
Bulgaria,BGR,2020-08-10T00:00:00Z,1441,59
Bulgaria,BGR,2020-08-03T00:00:00Z,1528,48
Bulgaria,BGR,2020-07-27T00:00:00Z,1694,40
Bulgaria,BGR,2020-07-20T00:00:00Z,1481,32
Bulgaria,BGR,2020-07-13T00:00:00Z,1512,22
Bulgaria,BGR,2020-07-06T00:00:00Z,1049,27
Bulgaria,BGR,2020-06-29T00:00:00Z,786,20
Bulgaria,BGR,2020-06-22T00:00:00Z,615,25
Bulgaria,BGR,2020-06-15T00:00:00Z,563,14
Bulgaria,BGR,2020-06-08T00:00:00Z,214,20
Bulgaria,BGR,2020-06-01T00:00:00Z,80,10
Bulgaria,BGR,2020-05-25T00:00:00Z,198,20
Bulgaria,BGR,2020-05-18T00:00:00Z,270,19
Bulgaria,BGR,2020-05-11T00:00:00Z,347,18
Bulgaria,BGR,2020-05-04T00:00:00Z,318,17
Bulgaria,BGR,2020-04-27T00:00:00Z,385,13
Bulgaria,BGR,2020-04-20T00:00:00Z,240,14
Bulgaria,BGR,2020-04-13T00:00:00Z,144,9
Bulgaria,BGR,2020-04-06T00:00:00Z,185,12
Bulgaria,BGR,2020-03-30T00:00:00Z,161,5
Bulgaria,BGR,2020-03-23T00:00:00Z,134,1
Bulgaria,BGR,2020-03-16T00:00:00Z,47,2
Bulgaria,BGR,2020-03-09T00:00:00Z,4,0
Croatia,HRV,2021-01-18T00:00:00Z,4905,252
Croatia,HRV,2021-01-11T00:00:00Z,7265,331
Croatia,HRV,2021-01-04T00:00:00Z,7712,333
Croatia,HRV,2020-12-28T00:00:00Z,9518,482
Croatia,HRV,2020-12-21T00:00:00Z,19842,617
Croatia,HRV,2020-12-14T00:00:00Z,25533,466
Croatia,HRV,2020-12-07T00:00:00Z,23741,462
Croatia,HRV,2020-11-30T00:00:00Z,22894,359
Croatia,HRV,2020-11-23T00:00:00Z,19512,304
Croatia,HRV,2020-11-16T00:00:00Z,16959,255
Croatia,HRV,2020-11-09T00:00:00Z,15752,232
Croatia,HRV,2020-11-02T00:00:00Z,15115,125
Croatia,HRV,2020-10-26T00:00:00Z,10800,74
Croatia,HRV,2020-10-19T00:00:00Z,5140,39
Croatia,HRV,2020-10-12T00:00:00Z,2781,26
Croatia,HRV,2020-10-05T00:00:00Z,1462,26
Croatia,HRV,2020-09-28T00:00:00Z,1275,24
Croatia,HRV,2020-09-21T00:00:00Z,1389,24
Croatia,HRV,2020-09-14T00:00:00Z,1569,26
Croatia,HRV,2020-09-07T00:00:00Z,1841,14
Croatia,HRV,2020-08-31T00:00:00Z,1948,13
Croatia,HRV,2020-08-24T00:00:00Z,1604,5
Croatia,HRV,2020-08-17T00:00:00Z,967,9
Croatia,HRV,2020-08-10T00:00:00Z,344,8
Croatia,HRV,2020-08-03T00:00:00Z,403,13
Croatia,HRV,2020-07-27T00:00:00Z,503,16
Croatia,HRV,2020-07-20T00:00:00Z,632,1
Croatia,HRV,2020-07-13T00:00:00Z,571,6
Croatia,HRV,2020-07-06T00:00:00Z,460,6
Croatia,HRV,2020-06-29T00:00:00Z,374,0
Croatia,HRV,2020-06-22T00:00:00Z,65,0
Croatia,HRV,2020-06-15T00:00:00Z,5,3
Croatia,HRV,2020-06-08T00:00:00Z,1,1
Croatia,HRV,2020-06-01T00:00:00Z,2,4
Croatia,HRV,2020-05-25T00:00:00Z,18,4
Croatia,HRV,2020-05-18T00:00:00Z,39,5
Croatia,HRV,2020-05-11T00:00:00Z,91,11
Croatia,HRV,2020-05-04T00:00:00Z,66,24
Croatia,HRV,2020-04-27T00:00:00Z,159,8
Croatia,HRV,2020-04-20T00:00:00Z,271,24
Croatia,HRV,2020-04-13T00:00:00Z,418,8
Croatia,HRV,2020-04-06T00:00:00Z,469,9
Croatia,HRV,2020-03-30T00:00:00Z,478,6
Croatia,HRV,2020-03-23T00:00:00Z,187,0
Croatia,HRV,2020-03-16T00:00:00Z,36,0
Croatia,HRV,2020-03-09T00:00:00Z,5,0
Croatia,HRV,2020-03-02T00:00:00Z,7,0
Croatia,HRV,2020-02-24T00:00:00Z,0,0
Croatia,HRV,2020-02-17T00:00:00Z,0,0
Croatia,HRV,2020-02-10T00:00:00Z,0,0
Croatia,HRV,2020-02-03T00:00:00Z,0,0
Croatia,HRV,2020-01-27T00:00:00Z,0,0
Croatia,HRV,2020-01-20T00:00:00Z,0,0
Croatia,HRV,2020-01-13T00:00:00Z,0,0
Croatia,HRV,2020-01-06T00:00:00Z,0,0
Czech Republic,CZE,2021-01-18T00:00:00Z,56398,1177
Czech Republic,CZE,2021-01-11T00:00:00Z,88740,1202
Czech Republic,CZE,2021-01-04T00:00:00Z,72374,918
Czech Republic,CZE,2020-12-28T00:00:00Z,46817,741
Czech Republic,CZE,2020-12-21T00:00:00Z,46444,802
Czech Republic,CZE,2020-12-14T00:00:00Z,34246,707
Czech Republic,CZE,2020-12-07T00:00:00Z,27110,764
Czech Republic,CZE,2020-11-30T00:00:00Z,27460,942
Czech Republic,CZE,2020-11-23T00:00:00Z,32147,988
Czech Republic,CZE,2020-11-16T00:00:00Z,45288,1350
Czech Republic,CZE,2020-11-09T00:00:00Z,73184,1429
Czech Republic,CZE,2020-11-02T00:00:00Z,83547,1228
Czech Republic,CZE,2020-10-26T00:00:00Z,84212,779
Czech Republic,CZE,2020-10-19T00:00:00Z,56775,388
Czech Republic,CZE,2020-10-12T00:00:00Z,34664,307
Czech Republic,CZE,2020-10-05T00:00:00Z,17849,121
Czech Republic,CZE,2020-09-28T00:00:00Z,15357,103
Czech Republic,CZE,2020-09-21T00:00:00Z,13052,47
Czech Republic,CZE,2020-09-14T00:00:00Z,8032,20
Czech Republic,CZE,2020-09-07T00:00:00Z,3789,13
Czech Republic,CZE,2020-08-31T00:00:00Z,2444,11
Czech Republic,CZE,2020-08-24T00:00:00Z,1911,15
Czech Republic,CZE,2020-08-17T00:00:00Z,1657,8
Czech Republic,CZE,2020-08-10T00:00:00Z,1555,6
Czech Republic,CZE,2020-08-03T00:00:00Z,1476,12
Czech Republic,CZE,2020-07-27T00:00:00Z,1379,12
Czech Republic,CZE,2020-07-20T00:00:00Z,771,7
Czech Republic,CZE,2020-07-13T00:00:00Z,659,4
Czech Republic,CZE,2020-07-06T00:00:00Z,912,0
Czech Republic,CZE,2020-06-29T00:00:00Z,1105,12
Czech Republic,CZE,2020-06-22T00:00:00Z,474,7
Czech Republic,CZE,2020-06-15T00:00:00Z,396,2
Czech Republic,CZE,2020-06-08T00:00:00Z,355,7
Czech Republic,CZE,2020-06-01T00:00:00Z,316,5
Czech Republic,CZE,2020-05-25T00:00:00Z,482,18
Czech Republic,CZE,2020-05-18T00:00:00Z,352,17
Czech Republic,CZE,2020-05-11T00:00:00Z,342,32
Czech Republic,CZE,2020-05-04T00:00:00Z,377,27
Czech Republic,CZE,2020-04-27T00:00:00Z,617,33
Czech Republic,CZE,2020-04-20T00:00:00Z,796,50
Czech Republic,CZE,2020-04-13T00:00:00Z,1404,71
Czech Republic,CZE,2020-04-06T00:00:00Z,1758,51
Czech Republic,CZE,2020-03-30T00:00:00Z,1664,15
Czech Republic,CZE,2020-03-23T00:00:00Z,867,1
Czech Republic,CZE,2020-03-16T00:00:00Z,266,0
Czech Republic,CZE,2020-03-09T00:00:00Z,29,0
Czech Republic,CZE,2020-03-02T00:00:00Z,3,0
Czech Republic,CZE,2020-02-24T00:00:00Z,0,0
Czech Republic,CZE,2020-02-17T00:00:00Z,0,0
Czech Republic,CZE,2020-02-10T00:00:00Z,0,0
Czech Republic,CZE,2020-02-03T00:00:00Z,0,0
Czech Republic,CZE,2020-01-27T00:00:00Z,0,0
Czech Republic,CZE,2020-01-20T00:00:00Z,0,0
Czech Republic,CZE,2020-01-13T00:00:00Z,0,0
Czech Republic,CZE,2020-01-06T00:00:00Z,0,0
Denmark,DNK,2021-01-18T00:00:00Z,7170,208
Denmark,DNK,2021-01-11T00:00:00Z,14014,223
Denmark,DNK,2021-01-04T00:00:00Z,15362,170
Denmark,DNK,2020-12-28T00:00:00Z,18915,169
Denmark,DNK,2020-12-21T00:00:00Z,24676,94
Denmark,DNK,2020-12-14T00:00:00Z,19155,56
Denmark,DNK,2020-12-07T00:00:00Z,11251,56
Denmark,DNK,2020-11-30T00:00:00Z,8867,45
Denmark,DNK,2020-11-23T00:00:00Z,8349,24
Denmark,DNK,2020-11-16T00:00:00Z,7015,17
Denmark,DNK,2020-11-09T00:00:00Z,7822,20
Denmark,DNK,2020-11-02T00:00:00Z,6943,21
Denmark,DNK,2020-10-26T00:00:00Z,4964,22
Denmark,DNK,2020-10-19T00:00:00Z,2970,11
Denmark,DNK,2020-10-12T00:00:00Z,2742,11
Denmark,DNK,2020-10-05T00:00:00Z,3043,9
Denmark,DNK,2020-09-28T00:00:00Z,4790,14
Denmark,DNK,2020-09-21T00:00:00Z,2631,6
Denmark,DNK,2020-09-14T00:00:00Z,1669,2
Denmark,DNK,2020-09-07T00:00:00Z,847,3
Denmark,DNK,2020-08-31T00:00:00Z,573,3
Denmark,DNK,2020-08-24T00:00:00Z,510,0
Denmark,DNK,2020-08-17T00:00:00Z,1175,4
Denmark,DNK,2020-08-10T00:00:00Z,653,2
Denmark,DNK,2020-08-03T00:00:00Z,351,2
Denmark,DNK,2020-07-27T00:00:00Z,265,2
Denmark,DNK,2020-07-20T00:00:00Z,227,2
Denmark,DNK,2020-07-13T00:00:00Z,114,3
Denmark,DNK,2020-07-06T00:00:00Z,157,2
Denmark,DNK,2020-06-29T00:00:00Z,284,4
Denmark,DNK,2020-06-22T00:00:00Z,198,3
Denmark,DNK,2020-06-15T00:00:00Z,245,8
Denmark,DNK,2020-06-08T00:00:00Z,279,15
Denmark,DNK,2020-06-01T00:00:00Z,309,12
Denmark,DNK,2020-05-25T00:00:00Z,433,15
Denmark,DNK,2020-05-18T00:00:00Z,498,28
Denmark,DNK,2020-05-11T00:00:00Z,906,38
Denmark,DNK,2020-05-04T00:00:00Z,948,59
Denmark,DNK,2020-04-27T00:00:00Z,1191,67
Denmark,DNK,2020-04-20T00:00:00Z,1210,82
Denmark,DNK,2020-04-13T00:00:00Z,1805,94
Denmark,DNK,2020-04-06T00:00:00Z,1974,107
Denmark,DNK,2020-03-30T00:00:00Z,1000,59
Denmark,DNK,2020-03-23T00:00:00Z,520,12
Denmark,DNK,2020-03-16T00:00:00Z,837,1
Denmark,DNK,2020-03-09T00:00:00Z,34,0
Denmark,DNK,2020-03-02T00:00:00Z,4,0
Denmark,DNK,2020-02-24T00:00:00Z,0,0
Denmark,DNK,2020-02-17T00:00:00Z,0,0
Denmark,DNK,2020-02-10T00:00:00Z,0,0
Denmark,DNK,2020-02-03T00:00:00Z,0,0
Denmark,DNK,2020-01-27T00:00:00Z,0,0
Denmark,DNK,2020-01-20T00:00:00Z,0,0
Denmark,DNK,2020-01-13T00:00:00Z,0,0
Denmark,DNK,2020-01-06T00:00:00Z,0,0
Estonia,EST,2021-01-18T00:00:00Z,3539,46
Estonia,EST,2021-01-11T00:00:00Z,4284,36
Estonia,EST,2021-01-04T00:00:00Z,3713,38
Estonia,EST,2020-12-28T00:00:00Z,4014,39
Estonia,EST,2020-12-21T00:00:00Z,3739,25
Estonia,EST,2020-12-14T00:00:00Z,3077,18
Estonia,EST,2020-12-07T00:00:00Z,2926,19
Estonia,EST,2020-11-30T00:00:00Z,2328,24
Estonia,EST,2020-11-23T00:00:00Z,2087,7
Estonia,EST,2020-11-16T00:00:00Z,1512,6
Estonia,EST,2020-11-09T00:00:00Z,1140,2
Estonia,EST,2020-11-02T00:00:00Z,574,0
Estonia,EST,2020-10-26T00:00:00Z,333,5
Estonia,EST,2020-10-19T00:00:00Z,213,0
Estonia,EST,2020-10-12T00:00:00Z,258,1
Estonia,EST,2020-10-05T00:00:00Z,407,3
Estonia,EST,2020-09-28T00:00:00Z,276,0
Estonia,EST,2020-09-21T00:00:00Z,248,0
Estonia,EST,2020-09-14T00:00:00Z,161,0
Estonia,EST,2020-09-07T00:00:00Z,142,0
Estonia,EST,2020-08-31T00:00:00Z,101,1
Estonia,EST,2020-08-24T00:00:00Z,82,0
Estonia,EST,2020-08-17T00:00:00Z,38,0
Estonia,EST,2020-08-10T00:00:00Z,73,0
Estonia,EST,2020-08-03T00:00:00Z,45,0
Estonia,EST,2020-07-27T00:00:00Z,13,0
Estonia,EST,2020-07-20T00:00:00Z,7,0
Estonia,EST,2020-07-13T00:00:00Z,21,0
Estonia,EST,2020-07-06T00:00:00Z,6,0
Estonia,EST,2020-06-29T00:00:00Z,6,0
Estonia,EST,2020-06-22T00:00:00Z,8,0
Estonia,EST,2020-06-15T00:00:00Z,34,0
Estonia,EST,2020-06-08T00:00:00Z,70,0
Estonia,EST,2020-06-01T00:00:00Z,46,0
Estonia,EST,2020-05-25T00:00:00Z,49,0
Estonia,EST,2020-05-18T00:00:00Z,35,3
Estonia,EST,2020-05-11T00:00:00Z,39,5
Estonia,EST,2020-05-04T00:00:00Z,57,6
Estonia,EST,2020-04-27T00:00:00Z,115,9
Estonia,EST,2020-04-20T00:00:00Z,219,15
Estonia,EST,2020-04-13T00:00:00Z,212,10
Estonia,EST,2020-04-06T00:00:00Z,418,12
Estonia,EST,2020-03-30T00:00:00Z,353,3
Estonia,EST,2020-03-23T00:00:00Z,155,0
Estonia,EST,2020-03-16T00:00:00Z,161,0
Estonia,EST,2020-03-09T00:00:00Z,9,0
Estonia,EST,2020-03-02T00:00:00Z,1,0
Estonia,EST,2020-02-24T00:00:00Z,0,0
Estonia,EST,2020-02-17T00:00:00Z,0,0
Estonia,EST,2020-02-10T00:00:00Z,0,0
Estonia,EST,2020-02-03T00:00:00Z,0,0
Estonia,EST,2020-01-27T00:00:00Z,0,0
Estonia,EST,2020-01-20T00:00:00Z,0,0
Estonia,EST,2020-01-13T00:00:00Z,0,0
Estonia,EST,2020-01-06T00:00:00Z,0,0
Finland,FIN,2021-01-18T00:00:00Z,1747,24
Finland,FIN,2021-01-11T00:00:00Z,1671,32
Finland,FIN,2021-01-04T00:00:00Z,1782,19
Finland,FIN,2020-12-28T00:00:00Z,1975,57
Finland,FIN,2020-12-21T00:00:00Z,2352,28
Finland,FIN,2020-12-14T00:00:00Z,3179,46
Finland,FIN,2020-12-07T00:00:00Z,3002,22
Finland,FIN,2020-11-30T00:00:00Z,2990,18
Finland,FIN,2020-11-23T00:00:00Z,2324,6
Finland,FIN,2020-11-16T00:00:00Z,1518,7
Finland,FIN,2020-11-09T00:00:00Z,1506,4
Finland,FIN,2020-11-02T00:00:00Z,1443,5
Finland,FIN,2020-10-26T00:00:00Z,1424,2
Finland,FIN,2020-10-19T00:00:00Z,1426,5
Finland,FIN,2020-10-12T00:00:00Z,1460,1
Finland,FIN,2020-10-05T00:00:00Z,856,2
Finland,FIN,2020-09-28T00:00:00Z,702,4
Finland,FIN,2020-09-21T00:00:00Z,400,2
Finland,FIN,2020-09-14T00:00:00Z,289,1
Finland,FIN,2020-09-07T00:00:00Z,214,1
Finland,FIN,2020-08-31T00:00:00Z,157,1
Finland,FIN,2020-08-24T00:00:00Z,189,1
Finland,FIN,2020-08-17T00:00:00Z,147,2
Finland,FIN,2020-08-10T00:00:00Z,131,2
Finland,FIN,2020-08-03T00:00:00Z,60,0
Finland,FIN,2020-07-27T00:00:00Z,55,1
Finland,FIN,2020-07-20T00:00:00Z,46,0
Finland,FIN,2020-07-13T00:00:00Z,20,0
Finland,FIN,2020-07-06T00:00:00Z,81,0
Finland,FIN,2020-06-29T00:00:00Z,48,2
Finland,FIN,2020-06-22T00:00:00Z,39,0
Finland,FIN,2020-06-15T00:00:00Z,123,3
Finland,FIN,2020-06-08T00:00:00Z,122,3
Finland,FIN,2020-06-01T00:00:00Z,280,13
Finland,FIN,2020-05-25T00:00:00Z,232,9
Finland,FIN,2020-05-18T00:00:00Z,385,31
Finland,FIN,2020-05-11T00:00:00Z,708,37
Finland,FIN,2020-05-04T00:00:00Z,678,40
Finland,FIN,2020-04-27T00:00:00Z,793,96
Finland,FIN,2020-04-20T00:00:00Z,809,38
Finland,FIN,2020-04-13T00:00:00Z,1047,29
Finland,FIN,2020-04-06T00:00:00Z,709,16
Finland,FIN,2020-03-30T00:00:00Z,592,10
Finland,FIN,2020-03-23T00:00:00Z,359,1
Finland,FIN,2020-03-16T00:00:00Z,237,0
Finland,FIN,2020-03-09T00:00:00Z,24,0
Finland,FIN,2020-03-02T00:00:00Z,5,0
Finland,FIN,2020-02-24T00:00:00Z,0,0
Finland,FIN,2020-02-17T00:00:00Z,0,0
Finland,FIN,2020-02-10T00:00:00Z,0,0
Finland,FIN,2020-02-03T00:00:00Z,1,0
Finland,FIN,2020-01-27T00:00:00Z,0,0
Finland,FIN,2020-01-20T00:00:00Z,0,0
Finland,FIN,2020-01-13T00:00:00Z,0,0
Finland,FIN,2020-01-06T00:00:00Z,0,0
France,FRA,2021-01-18T00:00:00Z,127733,2533
France,FRA,2021-01-11T00:00:00Z,127528,2713
France,FRA,2021-01-04T00:00:00Z,93082,1928
France,FRA,2020-12-28T00:00:00Z,89292,2560
France,FRA,2020-12-21T00:00:00Z,96502,2638
France,FRA,2020-12-14T00:00:00Z,84355,2756
France,FRA,2020-12-07T00:00:00Z,74014,2830
France,FRA,2020-11-30T00:00:00Z,78275,3593
France,FRA,2020-11-23T00:00:00Z,158381,4184
France,FRA,2020-11-16T00:00:00Z,194503,4109
France,FRA,2020-11-09T00:00:00Z,373409,3420
France,FRA,2020-11-02T00:00:00Z,275408,2258
France,FRA,2020-10-26T00:00:00Z,241473,1284
France,FRA,2020-10-19T00:00:00Z,162060,747
France,FRA,2020-10-12T00:00:00Z,115804,500
France,FRA,2020-10-05T00:00:00Z,80601,503
France,FRA,2020-09-28T00:00:00Z,84806,442
France,FRA,2020-09-21T00:00:00Z,72669,369
France,FRA,2020-09-14T00:00:00Z,56317,215
France,FRA,2020-09-07T00:00:00Z,46834,95
France,FRA,2020-08-31T00:00:00Z,35044,93
France,FRA,2020-08-24T00:00:00Z,24363,103
France,FRA,2020-08-17T00:00:00Z,20615,86
France,FRA,2020-08-10T00:00:00Z,10002,59
France,FRA,2020-08-03T00:00:00Z,7391,73
France,FRA,2020-07-27T00:00:00Z,5854,40
France,FRA,2020-07-20T00:00:00Z,3922,148
France,FRA,2020-07-13T00:00:00Z,3792,111
France,FRA,2020-07-06T00:00:00Z,4024,115
France,FRA,2020-06-29T00:00:00Z,2559,138
France,FRA,2020-06-22T00:00:00Z,3157,233
France,FRA,2020-06-15T00:00:00Z,3243,252
France,FRA,2020-06-08T00:00:00Z,2224,353
France,FRA,2020-06-01T00:00:00Z,6832,435
France,FRA,2020-05-25T00:00:00Z,2510,656
France,FRA,2020-05-18T00:00:00Z,3348,1331
France,FRA,2020-05-11T00:00:00Z,7776,1485
France,FRA,2020-05-04T00:00:00Z,6712,2039
France,FRA,2020-04-27T00:00:00Z,11969,3138
France,FRA,2020-04-20T00:00:00Z,17203,5325
France,FRA,2020-04-13T00:00:00Z,24925,6315
France,FRA,2020-04-06T00:00:00Z,30304,5472
France,FRA,2020-03-30T00:00:00Z,24156,1932
France,FRA,2020-03-23T00:00:00Z,10595,547
France,FRA,2020-03-16T00:00:00Z,4297,108
France,FRA,2020-03-09T00:00:00Z,996,17
France,FRA,2020-03-02T00:00:00Z,118,1
France,FRA,2020-02-24T00:00:00Z,0,0
France,FRA,2020-02-17T00:00:00Z,1,1
France,FRA,2020-02-10T00:00:00Z,5,0
France,FRA,2020-02-03T00:00:00Z,3,0
France,FRA,2020-01-27T00:00:00Z,3,0
France,FRA,2020-01-20T00:00:00Z,0,0
France,FRA,2020-01-13T00:00:00Z,0,0
France,FRA,2020-01-06T00:00:00Z,0,0
Germany,DEU,2021-01-18T00:00:00Z,119635,5947
Germany,DEU,2021-01-11T00:00:00Z,145511,6112
Germany,DEU,2021-01-04T00:00:00Z,123679,4448
Germany,DEU,2020-12-28T00:00:00Z,141182,3851
Germany,DEU,2020-12-21T00:00:00Z,173574,4300
Germany,DEU,2020-12-14T00:00:00Z,153424,3056
Germany,DEU,2020-12-07T00:00:00Z,129785,2671
Germany,DEU,2020-11-30T00:00:00Z,124736,2136
Germany,DEU,2020-11-23T00:00:00Z,127806,1565
Germany,DEU,2020-11-16T00:00:00Z,129459,1195
Germany,DEU,2020-11-09T00:00:00Z,126841,822
Germany,DEU,2020-11-02T00:00:00Z,107161,474
Germany,DEU,2020-10-26T00:00:00Z,71567,267
Germany,DEU,2020-10-19T00:00:00Z,40968,168
Germany,DEU,2020-10-12T00:00:00Z,24712,87
Germany,DEU,2020-10-05T00:00:00Z,15287,74
Germany,DEU,2020-09-28T00:00:00Z,12995,74
Germany,DEU,2020-09-21T00:00:00Z,11982,36
Germany,DEU,2020-09-14T00:00:00Z,9556,25
Germany,DEU,2020-09-07T00:00:00Z,8418,27
Germany,DEU,2020-08-31T00:00:00Z,8806,26
Germany,DEU,2020-08-24T00:00:00Z,9561,40
Germany,DEU,2020-08-17T00:00:00Z,7687,35
Germany,DEU,2020-08-10T00:00:00Z,5925,49
Germany,DEU,2020-08-03T00:00:00Z,4793,30
Germany,DEU,2020-07-27T00:00:00Z,3786,32
Germany,DEU,2020-07-20T00:00:00Z,2860,22
Germany,DEU,2020-07-13T00:00:00Z,2409,48
Germany,DEU,2020-07-06T00:00:00Z,2793,55
Germany,DEU,2020-06-29T00:00:00Z,3402,76
Germany,DEU,2020-06-22T00:00:00Z,3898,94
Germany,DEU,2020-06-15T00:00:00Z,2268,117
Germany,DEU,2020-06-08T00:00:00Z,2378,163
Germany,DEU,2020-06-01T00:00:00Z,3245,254
Germany,DEU,2020-05-25T00:00:00Z,3873,322
Germany,DEU,2020-05-18T00:00:00Z,5122,518
Germany,DEU,2020-05-11T00:00:00Z,6400,725
Germany,DEU,2020-05-04T00:00:00Z,7982,942
Germany,DEU,2020-04-27T00:00:00Z,13521,1346
Germany,DEU,2020-04-20T00:00:00Z,18656,1605
Germany,DEU,2020-04-13T00:00:00Z,27625,1365
Germany,DEU,2020-04-06T00:00:00Z,38093,979
Germany,DEU,2020-03-30T00:00:00Z,32524,361
Germany,DEU,2020-03-23T00:00:00Z,19936,82
Germany,DEU,2020-03-16T00:00:00Z,3936,12
Germany,DEU,2020-03-09T00:00:00Z,773,0
Germany,DEU,2020-03-02T00:00:00Z,114,0
Germany,DEU,2020-02-24T00:00:00Z,0,0
Germany,DEU,2020-02-17T00:00:00Z,2,0
Germany,DEU,2020-02-10T00:00:00Z,4,0
Germany,DEU,2020-02-03T00:00:00Z,9,0
Germany,DEU,2020-01-27T00:00:00Z,0,0
Germany,DEU,2020-01-20T00:00:00Z,0,0
Germany,DEU,2020-01-13T00:00:00Z,0,0
Germany,DEU,2020-01-06T00:00:00Z,0,0
Greece,GRC,2021-01-18T00:00:00Z,3869,206
Greece,GRC,2021-01-11T00:00:00Z,4639,306
Greece,GRC,2021-01-04T00:00:00Z,4168,285
Greece,GRC,2020-12-28T00:00:00Z,4859,500
Greece,GRC,2020-12-21T00:00:00Z,6538,547
Greece,GRC,2020-12-14T00:00:00Z,9063,622
Greece,GRC,2020-12-07T00:00:00Z,11244,682
Greece,GRC,2020-11-30T00:00:00Z,12608,691
Greece,GRC,2020-11-23T00:00:00Z,17414,524
Greece,GRC,2020-11-16T00:00:00Z,17507,322
Greece,GRC,2020-11-09T00:00:00Z,15769,149
Greece,GRC,2020-11-02T00:00:00Z,10147,61
Greece,GRC,2020-10-26T00:00:00Z,5412,65
Greece,GRC,2020-10-19T00:00:00Z,3012,60
Greece,GRC,2020-10-12T00:00:00Z,2516,40
Greece,GRC,2020-10-05T00:00:00Z,2398,30
Greece,GRC,2020-09-28T00:00:00Z,2302,41
Greece,GRC,2020-09-21T00:00:00Z,1902,33
Greece,GRC,2020-09-14T00:00:00Z,1716,21
Greece,GRC,2020-09-07T00:00:00Z,1390,22
Greece,GRC,2020-08-31T00:00:00Z,1470,20
Greece,GRC,2020-08-24T00:00:00Z,1589,14
Greece,GRC,2020-08-17T00:00:00Z,1452,16
Greece,GRC,2020-08-10T00:00:00Z,961,4
Greece,GRC,2020-08-03T00:00:00Z,469,6
Greece,GRC,2020-07-27T00:00:00Z,186,8
Greece,GRC,2020-07-20T00:00:00Z,204,1
Greece,GRC,2020-07-13T00:00:00Z,284,1
Greece,GRC,2020-07-06T00:00:00Z,143,1
Greece,GRC,2020-06-29T00:00:00Z,110,1
Greece,GRC,2020-06-22T00:00:00Z,145,7
Greece,GRC,2020-06-15T00:00:00Z,124,3
Greece,GRC,2020-06-08T00:00:00Z,80,5
Greece,GRC,2020-06-01T00:00:00Z,39,4
Greece,GRC,2020-05-25T00:00:00Z,44,8
Greece,GRC,2020-05-18T00:00:00Z,118,12
Greece,GRC,2020-05-11T00:00:00Z,90,7
Greece,GRC,2020-05-04T00:00:00Z,120,14
Greece,GRC,2020-04-27T00:00:00Z,271,20
Greece,GRC,2020-04-20T00:00:00Z,121,12
Greece,GRC,2020-04-13T00:00:00Z,379,25
Greece,GRC,2020-04-06T00:00:00Z,579,35
Greece,GRC,2020-03-30T00:00:00Z,532,23
Greece,GRC,2020-03-23T00:00:00Z,293,11
Greece,GRC,2020-03-16T00:00:00Z,258,4
Greece,GRC,2020-03-09T00:00:00Z,66,0
Greece,GRC,2020-03-02T00:00:00Z,7,0
Greece,GRC,2020-02-24T00:00:00Z,0,0
Greece,GRC,2020-02-17T00:00:00Z,0,0
Greece,GRC,2020-02-10T00:00:00Z,0,0
Greece,GRC,2020-02-03T00:00:00Z,0,0
Greece,GRC,2020-01-27T00:00:00Z,0,0
Greece,GRC,2020-01-20T00:00:00Z,0,0
Greece,GRC,2020-01-13T00:00:00Z,0,0
Greece,GRC,2020-01-06T00:00:00Z,0,0
Hungary,HUN,2021-01-18T00:00:00Z,9047,684
Hungary,HUN,2021-01-11T00:00:00Z,14805,748
Hungary,HUN,2021-01-04T00:00:00Z,12182,816
Hungary,HUN,2020-12-28T00:00:00Z,11539,879
Hungary,HUN,2020-12-21T00:00:00Z,21260,1152
Hungary,HUN,2020-12-14T00:00:00Z,29722,1146
Hungary,HUN,2020-12-07T00:00:00Z,37026,1161
Hungary,HUN,2020-11-30T00:00:00Z,39170,932
Hungary,HUN,2020-11-23T00:00:00Z,30496,701
Hungary,HUN,2020-11-16T00:00:00Z,32678,697
Hungary,HUN,2020-11-09T00:00:00Z,31998,604
Hungary,HUN,2020-11-02T00:00:00Z,21217,417
Hungary,HUN,2020-10-26T00:00:00Z,13795,299
Hungary,HUN,2020-10-19T00:00:00Z,9191,205
Hungary,HUN,2020-10-12T00:00:00Z,7097,135
Hungary,HUN,2020-10-05T00:00:00Z,6764,84
Hungary,HUN,2020-09-28T00:00:00Z,5850,63
Hungary,HUN,2020-09-21T00:00:00Z,6557,49
Hungary,HUN,2020-09-14T00:00:00Z,3922,13
Hungary,HUN,2020-09-07T00:00:00Z,2426,10
Hungary,HUN,2020-08-31T00:00:00Z,806,1
Hungary,HUN,2020-08-24T00:00:00Z,239,5
Hungary,HUN,2020-08-17T00:00:00Z,220,6
Hungary,HUN,2020-08-10T00:00:00Z,161,5
Hungary,HUN,2020-08-03T00:00:00Z,87,1
Hungary,HUN,2020-07-27T00:00:00Z,115,0
Hungary,HUN,2020-07-20T00:00:00Z,99,1
Hungary,HUN,2020-07-13T00:00:00Z,51,6
Hungary,HUN,2020-07-06T00:00:00Z,41,8
Hungary,HUN,2020-06-29T00:00:00Z,40,9
Hungary,HUN,2020-06-22T00:00:00Z,26,9
Hungary,HUN,2020-06-15T00:00:00Z,106,21
Hungary,HUN,2020-06-08T00:00:00Z,94,16
Hungary,HUN,2020-06-01T00:00:00Z,120,35
Hungary,HUN,2020-05-25T00:00:00Z,221,29
Hungary,HUN,2020-05-18T00:00:00Z,251,41
Hungary,HUN,2020-05-11T00:00:00Z,249,70
Hungary,HUN,2020-05-04T00:00:00Z,452,71
Hungary,HUN,2020-04-27T00:00:00Z,599,81
Hungary,HUN,2020-04-20T00:00:00Z,526,90
Hungary,HUN,2020-04-13T00:00:00Z,714,71
Hungary,HUN,2020-04-06T00:00:00Z,297,23
Hungary,HUN,2020-03-30T00:00:00Z,280,8
Hungary,HUN,2020-03-23T00:00:00Z,128,6
Hungary,HUN,2020-03-16T00:00:00Z,31,1
Hungary,HUN,2020-03-09T00:00:00Z,8,0
Iceland,ISL,2021-01-18T00:00:00Z,72,0
Iceland,ISL,2021-01-11T00:00:00Z,144,0
Iceland,ISL,2021-01-04T00:00:00Z,28,1
Iceland,ISL,2020-12-28T00:00:00Z,84,0
Iceland,ISL,2020-12-21T00:00:00Z,85,0
Iceland,ISL,2020-12-14T00:00:00Z,75,1
Iceland,ISL,2020-12-07T00:00:00Z,101,1
Iceland,ISL,2020-11-30T00:00:00Z,104,0
Iceland,ISL,2020-11-23T00:00:00Z,88,1
Iceland,ISL,2020-11-16T00:00:00Z,111,5
Iceland,ISL,2020-11-09T00:00:00Z,188,8
Iceland,ISL,2020-11-02T00:00:00Z,442,1
Iceland,ISL,2020-10-26T00:00:00Z,393,0
Iceland,ISL,2020-10-19T00:00:00Z,529,1
Iceland,ISL,2020-10-12T00:00:00Z,605,0
Iceland,ISL,2020-10-05T00:00:00Z,298,0
Iceland,ISL,2020-09-28T00:00:00Z,277,0
Iceland,ISL,2020-09-21T00:00:00Z,181,0
Iceland,ISL,2020-09-14T00:00:00Z,24,0
Iceland,ISL,2020-09-07T00:00:00Z,36,0
Iceland,ISL,2020-08-31T00:00:00Z,41,0
Iceland,ISL,2020-08-24T00:00:00Z,53,0
Iceland,ISL,2020-08-17T00:00:00Z,53,0
Iceland,ISL,2020-08-10T00:00:00Z,51,0
Iceland,ISL,2020-08-03T00:00:00Z,60,0
Iceland,ISL,2020-07-27T00:00:00Z,8,0
Iceland,ISL,2020-07-20T00:00:00Z,6,0
Iceland,ISL,2020-07-13T00:00:00Z,3,0
Iceland,ISL,2020-07-06T00:00:00Z,9,0
Iceland,ISL,2020-06-29T00:00:00Z,6,0
Iceland,ISL,2020-06-22T00:00:00Z,5,0
Iceland,ISL,2020-06-15T00:00:00Z,3,0
Iceland,ISL,2020-06-08T00:00:00Z,1,0
Iceland,ISL,2020-06-01T00:00:00Z,2,0
Iceland,ISL,2020-05-25T00:00:00Z,2,0
Iceland,ISL,2020-05-18T00:00:00Z,1,0
Iceland,ISL,2020-05-11T00:00:00Z,2,0
Iceland,ISL,2020-05-04T00:00:00Z,7,0
Iceland,ISL,2020-04-27T00:00:00Z,21,1
Iceland,ISL,2020-04-20T00:00:00Z,70,1
Iceland,ISL,2020-04-13T00:00:00Z,215,4
Iceland,ISL,2020-04-06T00:00:00Z,466,2
Iceland,ISL,2020-03-30T00:00:00Z,452,1
Iceland,ISL,2020-03-23T00:00:00Z,390,1
Iceland,ISL,2020-03-16T00:00:00Z,123,0
Iceland,ISL,2020-03-09T00:00:00Z,52,0
Iceland,ISL,2020-03-02T00:00:00Z,3,0
Iceland,ISL,2020-02-24T00:00:00Z,0,0
Iceland,ISL,2020-02-17T00:00:00Z,0,0
Iceland,ISL,2020-02-10T00:00:00Z,0,0
Iceland,ISL,2020-02-03T00:00:00Z,0,0
Iceland,ISL,2020-01-27T00:00:00Z,0,0
Iceland,ISL,2020-01-20T00:00:00Z,0,0
Iceland,ISL,2020-01-13T00:00:00Z,0,0
Iceland,ISL,2020-01-06T00:00:00Z,0,0
Ireland,IRL,2021-01-18T00:00:00Z,25113,264
Ireland,IRL,2021-01-11T00:00:00Z,45726,85
Ireland,IRL,2021-01-04T00:00:00Z,15758,55
Ireland,IRL,2020-12-28T00:00:00Z,6587,46
Ireland,IRL,2020-12-21T00:00:00Z,3357,34
Ireland,IRL,2020-12-14T00:00:00Z,1939,27
Ireland,IRL,2020-12-07T00:00:00Z,2005,45
Ireland,IRL,2020-11-30T00:00:00Z,1780,30
Ireland,IRL,2020-11-23T00:00:00Z,2558,43
Ireland,IRL,2020-11-16T00:00:00Z,2509,32
Ireland,IRL,2020-11-09T00:00:00Z,3392,32
Ireland,IRL,2020-11-02T00:00:00Z,4874,33
Ireland,IRL,2020-10-26T00:00:00Z,7166,30
Ireland,IRL,2020-10-19T00:00:00Z,7434,26
Ireland,IRL,2020-10-12T00:00:00Z,4496,16
Ireland,IRL,2020-10-05T00:00:00Z,3042,8
Ireland,IRL,2020-09-28T00:00:00Z,2057,10
Ireland,IRL,2020-09-21T00:00:00Z,1948,8
Ireland,IRL,2020-09-14T00:00:00Z,1313,7
Ireland,IRL,2020-09-07T00:00:00Z,912,0
Ireland,IRL,2020-08-31T00:00:00Z,791,0
Ireland,IRL,2020-08-24T00:00:00Z,712,3
Ireland,IRL,2020-08-17T00:00:00Z,545,2
Ireland,IRL,2020-08-10T00:00:00Z,550,9
Ireland,IRL,2020-08-03T00:00:00Z,281,0
Ireland,IRL,2020-07-27T00:00:00Z,121,10
Ireland,IRL,2020-07-20T00:00:00Z,132,7
Ireland,IRL,2020-07-13T00:00:00Z,101,5
Ireland,IRL,2020-07-06T00:00:00Z,88,6
Ireland,IRL,2020-06-29T00:00:00Z,60,20
Ireland,IRL,2020-06-22T00:00:00Z,76,9
Ireland,IRL,2020-06-15T00:00:00Z,102,27
Ireland,IRL,2020-06-08T00:00:00Z,211,29
Ireland,IRL,2020-06-01T00:00:00Z,351,44
Ireland,IRL,2020-05-25T00:00:00Z,527,63
Ireland,IRL,2020-05-18T00:00:00Z,1116,85
Ireland,IRL,2020-05-11T00:00:00Z,1490,155
Ireland,IRL,2020-05-04T00:00:00Z,2244,216
Ireland,IRL,2020-04-27T00:00:00Z,4011,477
Ireland,IRL,2020-04-20T00:00:00Z,5596,276
Ireland,IRL,2020-04-13T00:00:00Z,4544,176
Ireland,IRL,2020-04-06T00:00:00Z,2496,112
Ireland,IRL,2020-03-30T00:00:00Z,1709,42
Ireland,IRL,2020-03-23T00:00:00Z,737,2
Ireland,IRL,2020-03-16T00:00:00Z,148,2
Ireland,IRL,2020-03-09T00:00:00Z,20,0
Ireland,IRL,2020-03-02T00:00:00Z,1,0
Ireland,IRL,2020-02-24T00:00:00Z,0,0
Ireland,IRL,2020-02-17T00:00:00Z,0,0
Ireland,IRL,2020-02-10T00:00:00Z,0,0
Ireland,IRL,2020-02-03T00:00:00Z,0,0
Ireland,IRL,2020-01-27T00:00:00Z,0,0
Ireland,IRL,2020-01-20T00:00:00Z,0,0
Ireland,IRL,2020-01-13T00:00:00Z,0,0
Ireland,IRL,2020-01-06T00:00:00Z,0,0
Italy,ITA,2021-01-18T00:00:00Z,104786,3422
Italy,ITA,2021-01-11T00:00:00Z,121045,3423
Italy,ITA,2021-01-04T00:00:00Z,107750,3407
Italy,ITA,2020-12-28T00:00:00Z,94511,3126
Italy,ITA,2020-12-21T00:00:00Z,109473,4279
Italy,ITA,2020-12-14T00:00:00Z,114834,4442
Italy,ITA,2020-12-07T00:00:00Z,143700,5174
Italy,ITA,2020-11-30T00:00:00Z,176310,5081
Italy,ITA,2020-11-23T00:00:00Z,230339,4594
Italy,ITA,2020-11-16T00:00:00Z,243425,3835
Italy,ITA,2020-11-09T00:00:00Z,225769,2568
Italy,ITA,2020-11-02T00:00:00Z,183553,1488
Italy,ITA,2020-10-26T00:00:00Z,111541,795
Italy,ITA,2020-10-19T00:00:00Z,59291,377
Italy,ITA,2020-10-12T00:00:00Z,29621,180
Italy,ITA,2020-10-05T00:00:00Z,15459,151
Italy,ITA,2020-09-28T00:00:00Z,11714,128
Italy,ITA,2020-09-21T00:00:00Z,10403,97
Italy,ITA,2020-09-14T00:00:00Z,10119,69
Italy,ITA,2020-09-07T00:00:00Z,9416,64
Italy,ITA,2020-08-31T00:00:00Z,8873,40
Italy,ITA,2020-08-24T00:00:00Z,5430,41
Italy,ITA,2020-08-17T00:00:00Z,3349,191
Italy,ITA,2020-08-10T00:00:00Z,2496,51
Italy,ITA,2020-08-03T00:00:00Z,1952,47
Italy,ITA,2020-07-27T00:00:00Z,1684,62
Italy,ITA,2020-07-20T00:00:00Z,1373,91
Italy,ITA,2020-07-13T00:00:00Z,1450,93
Italy,ITA,2020-07-06T00:00:00Z,1301,123
Italy,ITA,2020-06-29T00:00:00Z,1811,104
Italy,ITA,2020-06-22T00:00:00Z,1510,289
Italy,ITA,2020-06-15T00:00:00Z,1991,446
Italy,ITA,2020-06-08T00:00:00Z,1979,484
Italy,ITA,2020-06-01T00:00:00Z,3161,630
Italy,ITA,2020-05-25T00:00:00Z,4423,877
Italy,ITA,2020-05-18T00:00:00Z,6365,1348
Italy,ITA,2020-05-11T00:00:00Z,8353,1676
Italy,ITA,2020-05-04T00:00:00Z,13042,2240
Italy,ITA,2020-04-27T00:00:00Z,18703,2984
Italy,ITA,2020-04-20T00:00:00Z,22609,3759
Italy,ITA,2020-04-13T00:00:00Z,27415,4012
Italy,ITA,2020-04-06T00:00:00Z,31259,5108
Italy,ITA,2020-03-30T00:00:00Z,38551,5305
Italy,ITA,2020-03-23T00:00:00Z,35158,3665
Italy,ITA,2020-03-16T00:00:00Z,16605,1445
Italy,ITA,2020-03-09T00:00:00Z,5686,331
Italy,ITA,2020-03-02T00:00:00Z,1557,33
Italy,ITA,2020-02-24T00:00:00Z,129,2
Italy,ITA,2020-02-17T00:00:00Z,0,0
Italy,ITA,2020-02-10T00:00:00Z,0,0
Italy,ITA,2020-02-03T00:00:00Z,3,0
Italy,ITA,2020-01-27T00:00:00Z,0,0
Italy,ITA,2020-01-20T00:00:00Z,0,0
Italy,ITA,2020-01-13T00:00:00Z,0,0
Italy,ITA,2020-01-06T00:00:00Z,0,0
Kosovo,XKX,2021-01-18T00:00:00Z,2075,33
Kosovo,XKX,2021-01-11T00:00:00Z,1811,33
Kosovo,XKX,2021-01-04T00:00:00Z,1164,27
Kosovo,XKX,2020-12-28T00:00:00Z,1632,55
Kosovo,XKX,2020-12-21T00:00:00Z,2589,64
Kosovo,XKX,2020-12-14T00:00:00Z,3775,92
Kosovo,XKX,2020-12-07T00:00:00Z,3748,101
Kosovo,XKX,2020-11-30T00:00:00Z,4762,91
Kosovo,XKX,2020-11-23T00:00:00Z,5178,92
Kosovo,XKX,2020-11-16T00:00:00Z,4962,67
Kosovo,XKX,2020-11-09T00:00:00Z,3976,67
Kosovo,XKX,2020-11-02T00:00:00Z,2236,25
Kosovo,XKX,2020-10-26T00:00:00Z,1052,10
Kosovo,XKX,2020-10-19T00:00:00Z,712,6
Kosovo,XKX,2020-10-12T00:00:00Z,365,17
Kosovo,XKX,2020-10-05T00:00:00Z,342,8
Kosovo,XKX,2020-09-28T00:00:00Z,409,9
Kosovo,XKX,2020-09-21T00:00:00Z,426,17
Kosovo,XKX,2020-09-14T00:00:00Z,518,33
Kosovo,XKX,2020-09-07T00:00:00Z,785,47
Kosovo,XKX,2020-08-31T00:00:00Z,886,49
Kosovo,XKX,2020-08-24T00:00:00Z,1032,66
Kosovo,XKX,2020-08-17T00:00:00Z,1169,74
Kosovo,XKX,2020-08-10T00:00:00Z,1448,78
Kosovo,XKX,2020-08-03T00:00:00Z,1882,80
Kosovo,XKX,2020-07-27T00:00:00Z,1182,34
Kosovo,XKX,2020-07-20T00:00:00Z,804,33
Kosovo,XKX,2020-07-13T00:00:00Z,1575,36
Kosovo,XKX,2020-07-06T00:00:00Z,679,17
Kosovo,XKX,2020-06-29T00:00:00Z,508,13
Kosovo,XKX,2020-06-22T00:00:00Z,683,3
Kosovo,XKX,2020-06-15T00:00:00Z,252,2
Kosovo,XKX,2020-06-08T00:00:00Z,151,1
Kosovo,XKX,2020-06-01T00:00:00Z,51,1
Kosovo,XKX,2020-05-25T00:00:00Z,47,0
Kosovo,XKX,2020-05-18T00:00:00Z,101,1
Kosovo,XKX,2020-05-11T00:00:00Z,33,3
Kosovo,XKX,2020-05-04T00:00:00Z,87,5
Kosovo,XKX,2020-04-27T00:00:00Z,203,6
Kosovo,XKX,2020-04-20T00:00:00Z,199,7
Kosovo,XKX,2020-04-13T00:00:00Z,197,6
Kosovo,XKX,2020-04-06T00:00:00Z,67,0
Kosovo,XKX,2020-03-30T00:00:00Z,65,0
Kosovo,XKX,2020-03-23T00:00:00Z,20,1
Kosovo,XKX,2020-03-16T00:00:00Z,13,0
Latvia,LVA,2021-01-18T00:00:00Z,6096,129
Latvia,LVA,2021-01-11T00:00:00Z,7071,169
Latvia,LVA,2021-01-04T00:00:00Z,6167,121
Latvia,LVA,2020-12-28T00:00:00Z,5390,120
Latvia,LVA,2020-12-21T00:00:00Z,5265,90
Latvia,LVA,2020-12-14T00:00:00Z,4362,87
Latvia,LVA,2020-12-07T00:00:00Z,4338,65
Latvia,LVA,2020-11-30T00:00:00Z,3855,44
Latvia,LVA,2020-11-23T00:00:00Z,2573,30
Latvia,LVA,2020-11-16T00:00:00Z,2452,24
Latvia,LVA,2020-11-09T00:00:00Z,1959,25
Latvia,LVA,2020-11-02T00:00:00Z,1458,18
Latvia,LVA,2020-10-26T00:00:00Z,1228,14
Latvia,LVA,2020-10-19T00:00:00Z,780,2
Latvia,LVA,2020-10-12T00:00:00Z,584,2
Latvia,LVA,2020-10-05T00:00:00Z,410,2
Latvia,LVA,2020-09-28T00:00:00Z,151,0
Latvia,LVA,2020-09-21T00:00:00Z,51,1
Latvia,LVA,2020-09-14T00:00:00Z,46,0
Latvia,LVA,2020-09-07T00:00:00Z,35,1
Latvia,LVA,2020-08-31T00:00:00Z,56,1
Latvia,LVA,2020-08-24T00:00:00Z,15,1
Latvia,LVA,2020-08-17T00:00:00Z,32,0
Latvia,LVA,2020-08-10T00:00:00Z,47,0
Latvia,LVA,2020-08-03T00:00:00Z,24,1
Latvia,LVA,2020-07-27T00:00:00Z,27,0
Latvia,LVA,2020-07-20T00:00:00Z,19,1
Latvia,LVA,2020-07-13T00:00:00Z,49,0
Latvia,LVA,2020-07-06T00:00:00Z,8,0
Latvia,LVA,2020-06-29T00:00:00Z,5,0
Latvia,LVA,2020-06-22T00:00:00Z,14,2
Latvia,LVA,2020-06-15T00:00:00Z,9,3
Latvia,LVA,2020-06-08T00:00:00Z,22,1
Latvia,LVA,2020-06-01T00:00:00Z,19,2
Latvia,LVA,2020-05-25T00:00:00Z,39,3
Latvia,LVA,2020-05-18T00:00:00Z,69,1
Latvia,LVA,2020-05-11T00:00:00Z,60,2
Latvia,LVA,2020-05-04T00:00:00Z,67,4
Latvia,LVA,2020-04-27T00:00:00Z,85,7
Latvia,LVA,2020-04-20T00:00:00Z,76,0
Latvia,LVA,2020-04-13T00:00:00Z,118,4
Latvia,LVA,2020-04-06T00:00:00Z,157,1
Latvia,LVA,2020-03-30T00:00:00Z,237,0
Latvia,LVA,2020-03-23T00:00:00Z,108,0
Latvia,LVA,2020-03-16T00:00:00Z,28,0
Latvia,LVA,2020-03-09T00:00:00Z,3,0
Lithuania,LTU,2021-01-18T00:00:00Z,7546,237
Lithuania,LTU,2021-01-11T00:00:00Z,12459,282
Lithuania,LTU,2021-01-04T00:00:00Z,15618,681
Lithuania,LTU,2020-12-28T00:00:00Z,17882,230
Lithuania,LTU,2020-12-21T00:00:00Z,19466,214
Lithuania,LTU,2020-12-14T00:00:00Z,18985,188
Lithuania,LTU,2020-12-07T00:00:00Z,14711,131
Lithuania,LTU,2020-11-30T00:00:00Z,14278,120
Lithuania,LTU,2020-11-23T00:00:00Z,12289,109
Lithuania,LTU,2020-11-16T00:00:00Z,10059,70
Lithuania,LTU,2020-11-09T00:00:00Z,8980,41
Lithuania,LTU,2020-11-02T00:00:00Z,5535,32
Lithuania,LTU,2020-10-26T00:00:00Z,2663,21
Lithuania,LTU,2020-10-19T00:00:00Z,1399,10
Lithuania,LTU,2020-10-12T00:00:00Z,937,9
Lithuania,LTU,2020-10-05T00:00:00Z,800,3
Lithuania,LTU,2020-09-28T00:00:00Z,641,4
Lithuania,LTU,2020-09-21T00:00:00Z,409,0
Lithuania,LTU,2020-09-14T00:00:00Z,252,1
Lithuania,LTU,2020-09-07T00:00:00Z,209,0
Lithuania,LTU,2020-08-31T00:00:00Z,239,2
Lithuania,LTU,2020-08-24T00:00:00Z,219,3
Lithuania,LTU,2020-08-17T00:00:00Z,164,0
Lithuania,LTU,2020-08-10T00:00:00Z,142,1
Lithuania,LTU,2020-08-03T00:00:00Z,102,0
Lithuania,LTU,2020-07-27T00:00:00Z,76,0
Lithuania,LTU,2020-07-20T00:00:00Z,63,1
Lithuania,LTU,2020-07-13T00:00:00Z,33,0
Lithuania,LTU,2020-07-06T00:00:00Z,20,1
Lithuania,LTU,2020-06-29T00:00:00Z,18,2
Lithuania,LTU,2020-06-22T00:00:00Z,30,1
Lithuania,LTU,2020-06-15T00:00:00Z,54,4
Lithuania,LTU,2020-06-08T00:00:00Z,39,1
Lithuania,LTU,2020-06-01T00:00:00Z,52,7
Lithuania,LTU,2020-05-25T00:00:00Z,82,7
Lithuania,LTU,2020-05-18T00:00:00Z,62,6
Lithuania,LTU,2020-05-11T00:00:00Z,69,4
Lithuania,LTU,2020-05-04T00:00:00Z,-28,5
Lithuania,LTU,2020-04-27T00:00:00Z,112,5
Lithuania,LTU,2020-04-20T00:00:00Z,264,12
Lithuania,LTU,2020-04-13T00:00:00Z,251,11
Lithuania,LTU,2020-04-06T00:00:00Z,327,6
Lithuania,LTU,2020-03-30T00:00:00Z,341,6
Lithuania,LTU,2020-03-23T00:00:00Z,129,1
Lithuania,LTU,2020-03-16T00:00:00Z,13,0
Lithuania,LTU,2020-03-09T00:00:00Z,0,0
Lithuania,LTU,2020-03-02T00:00:00Z,1,0
Lithuania,LTU,2020-02-24T00:00:00Z,0,0
Lithuania,LTU,2020-02-17T00:00:00Z,0,0
Lithuania,LTU,2020-02-10T00:00:00Z,0,0
Lithuania,LTU,2020-02-03T00:00:00Z,0,0
Lithuania,LTU,2020-01-27T00:00:00Z,0,0
Lithuania,LTU,2020-01-20T00:00:00Z,0,0
Lithuania,LTU,2020-01-13T00:00:00Z,0,0
Lithuania,LTU,2020-01-06T00:00:00Z,0,0
Luxembourg,LUX,2021-01-18T00:00:00Z,868,19
Luxembourg,LUX,2021-01-11T00:00:00Z,1065,27
Luxembourg,LUX,2021-01-04T00:00:00Z,1070,19
Luxembourg,LUX,2020-12-28T00:00:00Z,1782,47
Luxembourg,LUX,2020-12-21T00:00:00Z,2795,44
Luxembourg,LUX,2020-12-14T00:00:00Z,3588,46
Luxembourg,LUX,2020-12-07T00:00:00Z,3711,44
Luxembourg,LUX,2020-11-30T00:00:00Z,3640,44
Luxembourg,LUX,2020-11-23T00:00:00Z,3789,40
Luxembourg,LUX,2020-11-16T00:00:00Z,4063,37
Luxembourg,LUX,2020-11-09T00:00:00Z,3699,25
Luxembourg,LUX,2020-11-02T00:00:00Z,4578,15
Luxembourg,LUX,2020-10-26T00:00:00Z,3558,12
Luxembourg,LUX,2020-10-19T00:00:00Z,1286,3
Luxembourg,LUX,2020-10-12T00:00:00Z,651,5
Luxembourg,LUX,2020-10-05T00:00:00Z,352,1
Luxembourg,LUX,2020-09-28T00:00:00Z,553,0
Luxembourg,LUX,2020-09-21T00:00:00Z,610,0
Luxembourg,LUX,2020-09-14T00:00:00Z,298,0
Luxembourg,LUX,2020-09-07T00:00:00Z,271,0
Luxembourg,LUX,2020-08-31T00:00:00Z,-1079,0
Luxembourg,LUX,2020-08-24T00:00:00Z,265,1
Luxembourg,LUX,2020-08-17T00:00:00Z,326,4
Luxembourg,LUX,2020-08-10T00:00:00Z,418,2
Luxembourg,LUX,2020-08-03T00:00:00Z,423,5
Luxembourg,LUX,2020-07-27T00:00:00Z,789,1
Luxembourg,LUX,2020-07-20T00:00:00Z,558,0
Luxembourg,LUX,2020-07-13T00:00:00Z,403,1
Luxembourg,LUX,2020-07-06T00:00:00Z,280,0
Luxembourg,LUX,2020-06-29T00:00:00Z,122,0
Luxembourg,LUX,2020-06-22T00:00:00Z,50,0
Luxembourg,LUX,2020-06-15T00:00:00Z,31,0
Luxembourg,LUX,2020-06-08T00:00:00Z,21,0
Luxembourg,LUX,2020-06-01T00:00:00Z,26,0
Luxembourg,LUX,2020-05-25T00:00:00Z,47,3
Luxembourg,LUX,2020-05-18T00:00:00Z,59,6
Luxembourg,LUX,2020-05-11T00:00:00Z,62,5
Luxembourg,LUX,2020-05-04T00:00:00Z,101,8
Luxembourg,LUX,2020-04-27T00:00:00Z,173,15
Luxembourg,LUX,2020-04-20T00:00:00Z,269,7
Luxembourg,LUX,2020-04-13T00:00:00Z,477,30
Luxembourg,LUX,2020-04-06T00:00:00Z,854,15
Luxembourg,LUX,2020-03-30T00:00:00Z,1152,13
Luxembourg,LUX,2020-03-23T00:00:00Z,721,7
Luxembourg,LUX,2020-03-16T00:00:00Z,72,1
Luxembourg,LUX,2020-03-09T00:00:00Z,4,0
Luxembourg,LUX,2020-03-02T00:00:00Z,1,0
Luxembourg,LUX,2020-02-24T00:00:00Z,0,0
Luxembourg,LUX,2020-02-17T00:00:00Z,0,0
Luxembourg,LUX,2020-02-10T00:00:00Z,0,0
Luxembourg,LUX,2020-02-03T00:00:00Z,0,0
Luxembourg,LUX,2020-01-27T00:00:00Z,0,0
Luxembourg,LUX,2020-01-20T00:00:00Z,0,0
Luxembourg,LUX,2020-01-13T00:00:00Z,0,0
Luxembourg,LUX,2020-01-06T00:00:00Z,0,0
Moldova,MDA,2021-01-18T00:00:00Z,3463,111
Moldova,MDA,2021-01-11T00:00:00Z,3518,102
Moldova,MDA,2021-01-04T00:00:00Z,4518,146
Moldova,MDA,2020-12-28T00:00:00Z,6148,139
Moldova,MDA,2020-12-21T00:00:00Z,8689,180
Moldova,MDA,2020-12-14T00:00:00Z,9883,153
Moldova,MDA,2020-12-07T00:00:00Z,9618,129
Moldova,MDA,2020-11-30T00:00:00Z,9076,141
Moldova,MDA,2020-11-23T00:00:00Z,8662,130
Moldova,MDA,2020-11-16T00:00:00Z,6933,126
Moldova,MDA,2020-11-09T00:00:00Z,5764,93
Moldova,MDA,2020-11-02T00:00:00Z,5079,115
Moldova,MDA,2020-10-26T00:00:00Z,4453,101
Moldova,MDA,2020-10-19T00:00:00Z,4899,123
Moldova,MDA,2020-10-12T00:00:00Z,5572,95
Moldova,MDA,2020-10-05T00:00:00Z,5704,79
Moldova,MDA,2020-09-28T00:00:00Z,4279,84
Moldova,MDA,2020-09-21T00:00:00Z,3618,80
Moldova,MDA,2020-09-14T00:00:00Z,3181,60
Moldova,MDA,2020-09-07T00:00:00Z,3097,71
Moldova,MDA,2020-08-31T00:00:00Z,3222,52
Moldova,MDA,2020-08-24T00:00:00Z,3295,44
Moldova,MDA,2020-08-17T00:00:00Z,2523,51
Moldova,MDA,2020-08-10T00:00:00Z,2298,54
Moldova,MDA,2020-08-03T00:00:00Z,2328,56
Moldova,MDA,2020-07-27T00:00:00Z,2054,51
Moldova,MDA,2020-07-20T00:00:00Z,1598,42
Moldova,MDA,2020-07-13T00:00:00Z,1568,57
Moldova,MDA,2020-07-06T00:00:00Z,1564,55
Moldova,MDA,2020-06-29T00:00:00Z,2050,57
Moldova,MDA,2020-06-22T00:00:00Z,2460,67
Moldova,MDA,2020-06-15T00:00:00Z,2040,65
Moldova,MDA,2020-06-08T00:00:00Z,1449,46
Moldova,MDA,2020-06-01T00:00:00Z,1158,45
Moldova,MDA,2020-05-25T00:00:00Z,1033,39
Moldova,MDA,2020-05-18T00:00:00Z,1133,42
Moldova,MDA,2020-05-11T00:00:00Z,806,44
Moldova,MDA,2020-05-04T00:00:00Z,713,29
Moldova,MDA,2020-04-27T00:00:00Z,936,29
Moldova,MDA,2020-04-20T00:00:00Z,810,35
Moldova,MDA,2020-04-13T00:00:00Z,798,17
Moldova,MDA,2020-04-06T00:00:00Z,601,13
Moldova,MDA,2020-03-30T00:00:00Z,169,1
Moldova,MDA,2020-03-23T00:00:00Z,71,1
Moldova,MDA,2020-03-16T00:00:00Z,23,0
Montenegro,MNE,2021-01-18T00:00:00Z,3062,20
Montenegro,MNE,2021-01-11T00:00:00Z,3236,36
Montenegro,MNE,2021-01-04T00:00:00Z,2501,23
Montenegro,MNE,2020-12-28T00:00:00Z,2739,40
Montenegro,MNE,2020-12-21T00:00:00Z,2529,44
Montenegro,MNE,2020-12-14T00:00:00Z,3180,49
Montenegro,MNE,2020-12-07T00:00:00Z,3365,46
Montenegro,MNE,2020-11-30T00:00:00Z,3819,48
Montenegro,MNE,2020-11-23T00:00:00Z,3885,48
Montenegro,MNE,2020-11-16T00:00:00Z,4372,54
Montenegro,MNE,2020-11-09T00:00:00Z,4091,24
Montenegro,MNE,2020-11-02T00:00:00Z,1917,47
Montenegro,MNE,2020-10-26T00:00:00Z,1182,30
Montenegro,MNE,2020-10-19T00:00:00Z,1746,34
Montenegro,MNE,2020-10-12T00:00:00Z,1742,23
Montenegro,MNE,2020-10-05T00:00:00Z,1814,21
Montenegro,MNE,2020-09-28T00:00:00Z,1701,22
Montenegro,MNE,2020-09-21T00:00:00Z,1900,16
Montenegro,MNE,2020-09-14T00:00:00Z,1159,12
Montenegro,MNE,2020-09-07T00:00:00Z,763,10
Montenegro,MNE,2020-08-31T00:00:00Z,447,14
Montenegro,MNE,2020-08-24T00:00:00Z,308,7
Montenegro,MNE,2020-08-17T00:00:00Z,417,13
Montenegro,MNE,2020-08-10T00:00:00Z,360,13
Montenegro,MNE,2020-08-03T00:00:00Z,689,11
Montenegro,MNE,2020-07-27T00:00:00Z,798,10
Montenegro,MNE,2020-07-20T00:00:00Z,550,7
Montenegro,MNE,2020-07-13T00:00:00Z,440,9
Montenegro,MNE,2020-07-06T00:00:00Z,300,3
Montenegro,MNE,2020-06-29T00:00:00Z,119,2
Montenegro,MNE,2020-06-22T00:00:00Z,37,0
Montenegro,MNE,2020-06-15T00:00:00Z,1,0
Montenegro,MNE,2020-06-08T00:00:00Z,0,0
Montenegro,MNE,2020-06-01T00:00:00Z,0,0
Montenegro,MNE,2020-05-25T00:00:00Z,0,0
Montenegro,MNE,2020-05-18T00:00:00Z,0,0
Montenegro,MNE,2020-05-11T00:00:00Z,2,1
Montenegro,MNE,2020-05-04T00:00:00Z,1,1
Montenegro,MNE,2020-04-27T00:00:00Z,13,2
Montenegro,MNE,2020-04-20T00:00:00Z,36,2
Montenegro,MNE,2020-04-13T00:00:00Z,58,1
Montenegro,MNE,2020-04-06T00:00:00Z,129,1
Montenegro,MNE,2020-03-30T00:00:00Z,64,1
Montenegro,MNE,2020-03-23T00:00:00Z,21,0
Netherlands,NLD,2021-01-18T00:00:00Z,38967,645
Netherlands,NLD,2021-01-11T00:00:00Z,57026,799
Netherlands,NLD,2021-01-04T00:00:00Z,50699,570
Netherlands,NLD,2020-12-28T00:00:00Z,80594,551
Netherlands,NLD,2020-12-21T00:00:00Z,76154,443
Netherlands,NLD,2020-12-14T00:00:00Z,56193,360
Netherlands,NLD,2020-12-07T00:00:00Z,38280,338
Netherlands,NLD,2020-11-30T00:00:00Z,34213,457
Netherlands,NLD,2020-11-23T00:00:00Z,36725,404
Netherlands,NLD,2020-11-16T00:00:00Z,37762,481
Netherlands,NLD,2020-11-09T00:00:00Z,50136,570
Netherlands,NLD,2020-11-02T00:00:00Z,68512,388
Netherlands,NLD,2020-10-26T00:00:00Z,62691,285
Netherlands,NLD,2020-10-19T00:00:00Z,53784,176
Netherlands,NLD,2020-10-12T00:00:00Z,38701,130
Netherlands,NLD,2020-10-05T00:00:00Z,24239,80
Netherlands,NLD,2020-09-28T00:00:00Z,17826,95
Netherlands,NLD,2020-09-21T00:00:00Z,11661,25
Netherlands,NLD,2020-09-14T00:00:00Z,7308,11
Netherlands,NLD,2020-09-07T00:00:00Z,4644,19
Netherlands,NLD,2020-08-31T00:00:00Z,3581,24
Netherlands,NLD,2020-08-24T00:00:00Z,3547,28
Netherlands,NLD,2020-08-17T00:00:00Z,4379,15
Netherlands,NLD,2020-08-10T00:00:00Z,3521,8
Netherlands,NLD,2020-08-03T00:00:00Z,2097,0
Netherlands,NLD,2020-07-27T00:00:00Z,1221,4
Netherlands,NLD,2020-07-20T00:00:00Z,703,1
Netherlands,NLD,2020-07-13T00:00:00Z,401,8
Netherlands,NLD,2020-07-06T00:00:00Z,474,22
Netherlands,NLD,2020-06-29T00:00:00Z,554,15
Netherlands,NLD,2020-06-22T00:00:00Z,810,31
Netherlands,NLD,2020-06-15T00:00:00Z,1209,46
Netherlands,NLD,2020-06-08T00:00:00Z,1132,57
Netherlands,NLD,2020-06-01T00:00:00Z,1206,134
Netherlands,NLD,2020-05-25T00:00:00Z,1241,142
Netherlands,NLD,2020-05-18T00:00:00Z,1368,240
Netherlands,NLD,2020-05-11T00:00:00Z,2056,384
Netherlands,NLD,2020-05-04T00:00:00Z,2726,581
Netherlands,NLD,2020-04-27T00:00:00Z,5190,791
Netherlands,NLD,2020-04-20T00:00:00Z,7068,947
Netherlands,NLD,2020-04-13T00:00:00Z,7736,971
Netherlands,NLD,2020-04-06T00:00:00Z,6985,995
Netherlands,NLD,2020-03-30T00:00:00Z,6662,592
Netherlands,NLD,2020-03-23T00:00:00Z,3069,159
Netherlands,NLD,2020-03-16T00:00:00Z,870,17
Netherlands,NLD,2020-03-09T00:00:00Z,252,3
Netherlands,NLD,2020-03-02T00:00:00Z,13,0
Netherlands,NLD,2020-02-24T00:00:00Z,0,0
Netherlands,NLD,2020-02-17T00:00:00Z,0,0
Netherlands,NLD,2020-02-10T00:00:00Z,0,0
Netherlands,NLD,2020-02-03T00:00:00Z,0,0
Netherlands,NLD,2020-01-27T00:00:00Z,0,0
Netherlands,NLD,2020-01-20T00:00:00Z,0,0
Netherlands,NLD,2020-01-13T00:00:00Z,0,0
Netherlands,NLD,2020-01-06T00:00:00Z,0,0
Norway,NOR,2021-01-18T00:00:00Z,3178,43
Norway,NOR,2021-01-11T00:00:00Z,4758,29
Norway,NOR,2021-01-04T00:00:00Z,3658,20
Norway,NOR,2020-12-28T00:00:00Z,4282,25
Norway,NOR,2020-12-21T00:00:00Z,1772,11
Norway,NOR,2020-12-14T00:00:00Z,3632,39
Norway,NOR,2020-12-07T00:00:00Z,2624,26
Norway,NOR,2020-11-30T00:00:00Z,3309,22
Norway,NOR,2020-11-23T00:00:00Z,4212,12
Norway,NOR,2020-11-16T00:00:00Z,4001,9
Norway,NOR,2020-11-09T00:00:00Z,3662,3
Norway,NOR,2020-11-02T00:00:00Z,2331,3
Norway,NOR,2020-10-26T00:00:00Z,1096,1
Norway,NOR,2020-10-19T00:00:00Z,915,3
Norway,NOR,2020-10-12T00:00:00Z,1072,0
Norway,NOR,2020-10-05T00:00:00Z,743,5
Norway,NOR,2020-09-28T00:00:00Z,761,3
Norway,NOR,2020-09-21T00:00:00Z,779,2
Norway,NOR,2020-09-14T00:00:00Z,746,1
Norway,NOR,2020-09-07T00:00:00Z,577,0
Norway,NOR,2020-08-31T00:00:00Z,346,0
Norway,NOR,2020-08-24T00:00:00Z,347,3
Norway,NOR,2020-08-17T00:00:00Z,382,5
Norway,NOR,2020-08-10T00:00:00Z,260,1
Norway,NOR,2020-08-03T00:00:00Z,123,0
Norway,NOR,2020-07-27T00:00:00Z,70,0
Norway,NOR,2020-07-20T00:00:00Z,50,3
Norway,NOR,2020-07-13T00:00:00Z,70,1
Norway,NOR,2020-07-06T00:00:00Z,80,2
Norway,NOR,2020-06-29T00:00:00Z,107,5
Norway,NOR,2020-06-22T00:00:00Z,102,2
Norway,NOR,2020-06-15T00:00:00Z,102,4
Norway,NOR,2020-06-08T00:00:00Z,93,2
Norway,NOR,2020-06-01T00:00:00Z,102,1
Norway,NOR,2020-05-25T00:00:00Z,112,3
Norway,NOR,2020-05-18T00:00:00Z,98,15
Norway,NOR,2020-05-11T00:00:00Z,290,9
Norway,NOR,2020-05-04T00:00:00Z,304,15
Norway,NOR,2020-04-27T00:00:00Z,437,39
Norway,NOR,2020-04-20T00:00:00Z,653,51
Norway,NOR,2020-04-13T00:00:00Z,775,45
Norway,NOR,2020-04-06T00:00:00Z,1538,36
Norway,NOR,2020-03-30T00:00:00Z,1970,15
Norway,NOR,2020-03-23T00:00:00Z,1055,6
Norway,NOR,2020-03-16T00:00:00Z,908,1
Norway,NOR,2020-03-09T00:00:00Z,150,0
Norway,NOR,2020-03-02T00:00:00Z,19,0
Norway,NOR,2020-02-24T00:00:00Z,0,0
Norway,NOR,2020-02-17T00:00:00Z,0,0
Norway,NOR,2020-02-10T00:00:00Z,0,0
Norway,NOR,2020-02-03T00:00:00Z,0,0
Norway,NOR,2020-01-27T00:00:00Z,0,0
Norway,NOR,2020-01-20T00:00:00Z,0,0
Norway,NOR,2020-01-13T00:00:00Z,0,0
Norway,NOR,2020-01-06T00:00:00Z,0,0
Poland,POL,2021-01-18T00:00:00Z,48529,2143
Poland,POL,2021-01-11T00:00:00Z,67438,2103
Poland,POL,2021-01-04T00:00:00Z,61937,2014
Poland,POL,2020-12-28T00:00:00Z,58310,1750
Poland,POL,2020-12-21T00:00:00Z,67024,2533
Poland,POL,2020-12-14T00:00:00Z,72227,2775
Poland,POL,2020-12-07T00:00:00Z,78374,3060
Poland,POL,2020-11-30T00:00:00Z,123744,3411
Poland,POL,2020-11-23T00:00:00Z,148359,3270
Poland,POL,2020-11-16T00:00:00Z,166547,2476
Poland,POL,2020-11-09T00:00:00Z,166523,2089
Poland,POL,2020-11-02T00:00:00Z,126214,1345
Poland,POL,2020-10-26T00:00:00Z,77922,865
Poland,POL,2020-10-19T00:00:00Z,49950,569
Poland,POL,2020-10-12T00:00:00Z,27676,400
Poland,POL,2020-10-05T00:00:00Z,10810,172
Poland,POL,2020-09-28T00:00:00Z,8090,139
Poland,POL,2020-09-21T00:00:00Z,5088,105
Poland,POL,2020-09-14T00:00:00Z,3328,68
Poland,POL,2020-09-07T00:00:00Z,3954,87
Poland,POL,2020-08-31T00:00:00Z,5108,78
Poland,POL,2020-08-24T00:00:00Z,5078,78
Poland,POL,2020-08-17T00:00:00Z,4893,70
Poland,POL,2020-08-10T00:00:00Z,4897,76
Poland,POL,2020-08-03T00:00:00Z,3829,60
Poland,POL,2020-07-27T00:00:00Z,2961,47
Poland,POL,2020-07-20T00:00:00Z,2213,53
Poland,POL,2020-07-13T00:00:00Z,1941,54
Poland,POL,2020-07-06T00:00:00Z,2043,79
Poland,POL,2020-06-29T00:00:00Z,1976,82
Poland,POL,2020-06-22T00:00:00Z,2539,109
Poland,POL,2020-06-15T00:00:00Z,2831,90
Poland,POL,2020-06-08T00:00:00Z,2775,93
Poland,POL,2020-06-01T00:00:00Z,2460,68
Poland,POL,2020-05-25T00:00:00Z,2797,71
Poland,POL,2020-05-18T00:00:00Z,2533,125
Poland,POL,2020-05-11T00:00:00Z,2303,122
Poland,POL,2020-05-04T00:00:00Z,2076,143
Poland,POL,2020-04-27T00:00:00Z,2330,175
Poland,POL,2020-04-20T00:00:00Z,2613,128
Poland,POL,2020-04-13T00:00:00Z,2572,138
Poland,POL,2020-04-06T00:00:00Z,2240,72
Poland,POL,2020-03-30T00:00:00Z,1228,15
Poland,POL,2020-03-23T00:00:00Z,509,4
Poland,POL,2020-03-16T00:00:00Z,114,3
Poland,POL,2020-03-09T00:00:00Z,11,0
Portugal,PRT,2021-01-18T00:00:00Z,67210,1103
Portugal,PRT,2021-01-11T00:00:00Z,57670,729
Portugal,PRT,2021-01-04T00:00:00Z,34957,519
Portugal,PRT,2020-12-28T00:00:00Z,22545,543
Portugal,PRT,2020-12-21T00:00:00Z,25377,575
Portugal,PRT,2020-12-14T00:00:00Z,26270,596
Portugal,PRT,2020-12-07T00:00:00Z,27675,536
Portugal,PRT,2020-11-30T00:00:00Z,34041,530
Portugal,PRT,2020-11-23T00:00:00Z,43457,516
Portugal,PRT,2020-11-16T00:00:00Z,37977,485
Portugal,PRT,2020-11-09T00:00:00Z,34983,352
Portugal,PRT,2020-11-02T00:00:00Z,25655,228
Portugal,PRT,2020-10-26T00:00:00Z,18775,135
Portugal,PRT,2020-10-19T00:00:00Z,13247,101
Portugal,PRT,2020-10-12T00:00:00Z,8417,85
Portugal,PRT,2020-10-05T00:00:00Z,4643,42
Portugal,PRT,2020-09-28T00:00:00Z,5027,41
Portugal,PRT,2020-09-21T00:00:00Z,4594,45
Portugal,PRT,2020-09-14T00:00:00Z,3725,27
Portugal,PRT,2020-09-07T00:00:00Z,2490,21
Portugal,PRT,2020-08-31T00:00:00Z,2171,23
Portugal,PRT,2020-08-24T00:00:00Z,1495,18
Portugal,PRT,2020-08-17T00:00:00Z,1434,22
Portugal,PRT,2020-08-10T00:00:00Z,1205,18
Portugal,PRT,2020-08-03T00:00:00Z,1299,21
Portugal,PRT,2020-07-27T00:00:00Z,1528,28
Portugal,PRT,2020-07-20T00:00:00Z,2124,29
Portugal,PRT,2020-07-13T00:00:00Z,2615,46
Portugal,PRT,2020-07-06T00:00:00Z,2251,50
Portugal,PRT,2020-06-29T00:00:00Z,2513,34
Portugal,PRT,2020-06-22T00:00:00Z,2443,13
Portugal,PRT,2020-06-15T00:00:00Z,2197,38
Portugal,PRT,2020-06-08T00:00:00Z,1993,69
Portugal,PRT,2020-06-01T00:00:00Z,1877,94
Portugal,PRT,2020-05-25T00:00:00Z,1587,98
Portugal,PRT,2020-05-18T00:00:00Z,1455,83
Portugal,PRT,2020-05-11T00:00:00Z,2057,72
Portugal,PRT,2020-05-04T00:00:00Z,1678,135
Portugal,PRT,2020-04-27T00:00:00Z,3640,214
Portugal,PRT,2020-04-20T00:00:00Z,3621,210
Portugal,PRT,2020-04-13T00:00:00Z,5307,209
Portugal,PRT,2020-04-06T00:00:00Z,5316,176
Portugal,PRT,2020-03-30T00:00:00Z,4362,105
Portugal,PRT,2020-03-23T00:00:00Z,1355,14
Portugal,PRT,2020-03-16T00:00:00Z,215,0
Portugal,PRT,2020-03-09T00:00:00Z,30,0
Romania,ROU,2021-01-18T00:00:00Z,21882,546
Romania,ROU,2021-01-11T00:00:00Z,32842,746
Romania,ROU,2021-01-04T00:00:00Z,22000,645
Romania,ROU,2020-12-28T00:00:00Z,27135,940
Romania,ROU,2020-12-21T00:00:00Z,34959,1009
Romania,ROU,2020-12-14T00:00:00Z,42759,1065
Romania,ROU,2020-12-07T00:00:00Z,42040,1127
Romania,ROU,2020-11-30T00:00:00Z,52891,1146
Romania,ROU,2020-11-23T00:00:00Z,58364,1121
Romania,ROU,2020-11-16T00:00:00Z,56530,1047
Romania,ROU,2020-11-09T00:00:00Z,57088,812
Romania,ROU,2020-11-02T00:00:00Z,37015,676
Romania,ROU,2020-10-26T00:00:00Z,29260,519
Romania,ROU,2020-10-19T00:00:00Z,25105,461
Romania,ROU,2020-10-12T00:00:00Z,21218,464
Romania,ROU,2020-10-05T00:00:00Z,11392,229
Romania,ROU,2020-09-28T00:00:00Z,9892,283
Romania,ROU,2020-09-21T00:00:00Z,9286,272
Romania,ROU,2020-09-14T00:00:00Z,8481,270
Romania,ROU,2020-09-07T00:00:00Z,8229,315
Romania,ROU,2020-08-31T00:00:00Z,8260,306
Romania,ROU,2020-08-24T00:00:00Z,8064,281
Romania,ROU,2020-08-17T00:00:00Z,8693,291
Romania,ROU,2020-08-10T00:00:00Z,8582,287
Romania,ROU,2020-08-03T00:00:00Z,8388,226
Romania,ROU,2020-07-27T00:00:00Z,7340,161
Romania,ROU,2020-07-20T00:00:00Z,4923,142
Romania,ROU,2020-07-13T00:00:00Z,3562,134
Romania,ROU,2020-07-06T00:00:00Z,2660,138
Romania,ROU,2020-06-29T00:00:00Z,2268,100
Romania,ROU,2020-06-22T00:00:00Z,2046,102
Romania,ROU,2020-06-15T00:00:00Z,1520,84
Romania,ROU,2020-06-08T00:00:00Z,1222,64
Romania,ROU,2020-06-01T00:00:00Z,1187,83
Romania,ROU,2020-05-25T00:00:00Z,1199,82
Romania,ROU,2020-05-18T00:00:00Z,1509,145
Romania,ROU,2020-05-11T00:00:00Z,2199,172
Romania,ROU,2020-05-04T00:00:00Z,2127,172
Romania,ROU,2020-04-27T00:00:00Z,2290,174
Romania,ROU,2020-04-20T00:00:00Z,2446,128
Romania,ROU,2020-04-13T00:00:00Z,2436,158
Romania,ROU,2020-04-06T00:00:00Z,2104,108
Romania,ROU,2020-03-30T00:00:00Z,1327,38
Romania,ROU,2020-03-23T00:00:00Z,294,2
Romania,ROU,2020-03-16T00:00:00Z,124,0
Romania,ROU,2020-03-09T00:00:00Z,12,0
Romania,ROU,2020-03-02T00:00:00Z,3,0
Romania,ROU,2020-02-24T00:00:00Z,0,0
Romania,ROU,2020-02-17T00:00:00Z,0,0
Romania,ROU,2020-02-10T00:00:00Z,0,0
Romania,ROU,2020-02-03T00:00:00Z,0,0
Romania,ROU,2020-01-27T00:00:00Z,0,0
Romania,ROU,2020-01-20T00:00:00Z,0,0
Romania,ROU,2020-01-13T00:00:00Z,0,0
Romania,ROU,2020-01-06T00:00:00Z,0,0
Serbia,SRB,2021-01-18T00:00:00Z,12844,168
Serbia,SRB,2021-01-11T00:00:00Z,15819,257
Serbia,SRB,2021-01-04T00:00:00Z,15251,252
Serbia,SRB,2020-12-28T00:00:00Z,24872,340
Serbia,SRB,2020-12-21T00:00:00Z,37315,402
Serbia,SRB,2020-12-14T00:00:00Z,46780,382
Serbia,SRB,2020-12-07T00:00:00Z,50438,400
Serbia,SRB,2020-11-30T00:00:00Z,48094,350
Serbia,SRB,2020-11-23T00:00:00Z,36552,190
Serbia,SRB,2020-11-16T00:00:00Z,21821,119
Serbia,SRB,2020-11-09T00:00:00Z,14344,64
Serbia,SRB,2020-11-02T00:00:00Z,8917,34
Serbia,SRB,2020-10-26T00:00:00Z,3326,16
Serbia,SRB,2020-10-19T00:00:00Z,1373,13
Serbia,SRB,2020-10-12T00:00:00Z,886,9
Serbia,SRB,2020-10-05T00:00:00Z,517,7
Serbia,SRB,2020-09-28T00:00:00Z,476,6
Serbia,SRB,2020-09-21T00:00:00Z,500,8
Serbia,SRB,2020-09-14T00:00:00Z,503,9
Serbia,SRB,2020-09-07T00:00:00Z,540,13
Serbia,SRB,2020-08-31T00:00:00Z,708,13
Serbia,SRB,2020-08-24T00:00:00Z,975,24
Serbia,SRB,2020-08-17T00:00:00Z,1583,33
Serbia,SRB,2020-08-10T00:00:00Z,1906,51
Serbia,SRB,2020-08-03T00:00:00Z,2463,56
Serbia,SRB,2020-07-27T00:00:00Z,2836,62
Serbia,SRB,2020-07-20T00:00:00Z,2534,79
Serbia,SRB,2020-07-13T00:00:00Z,2229,82
Serbia,SRB,2020-07-06T00:00:00Z,2085,41
Serbia,SRB,2020-06-29T00:00:00Z,1152,9
Serbia,SRB,2020-06-22T00:00:00Z,584,7
Serbia,SRB,2020-06-15T00:00:00Z,487,5
Serbia,SRB,2020-06-08T00:00:00Z,411,6
Serbia,SRB,2020-06-01T00:00:00Z,253,5
Serbia,SRB,2020-05-25T00:00:00Z,549,8
Serbia,SRB,2020-05-18T00:00:00Z,496,15
Serbia,SRB,2020-05-11T00:00:00Z,650,22
Serbia,SRB,2020-05-04T00:00:00Z,1422,37
Serbia,SRB,2020-04-27T00:00:00Z,1724,34
Serbia,SRB,2020-04-20T00:00:00Z,2688,42
Serbia,SRB,2020-04-13T00:00:00Z,1722,29
Serbia,SRB,2020-04-06T00:00:00Z,1167,38
Serbia,SRB,2020-03-30T00:00:00Z,553,12
Serbia,SRB,2020-03-23T00:00:00Z,133,1
Serbia,SRB,2020-03-16T00:00:00Z,55,0
Slovakia,SVK,2021-01-18T00:00:00Z,15316,519
Slovakia,SVK,2021-01-11T00:00:00Z,20970,486
Slovakia,SVK,2021-01-04T00:00:00Z,20007,642
Slovakia,SVK,2020-12-28T00:00:00Z,16756,324
Slovakia,SVK,2020-12-21T00:00:00Z,18352,380
Slovakia,SVK,2020-12-14T00:00:00Z,16253,179
Slovakia,SVK,2020-12-07T00:00:00Z,10998,180
Slovakia,SVK,2020-11-30T00:00:00Z,9492,145
Slovakia,SVK,2020-11-23T00:00:00Z,9474,161
Slovakia,SVK,2020-11-16T00:00:00Z,11272,159
Slovakia,SVK,2020-11-09T00:00:00Z,15549,132
Slovakia,SVK,2020-11-02T00:00:00Z,16103,60
Slovakia,SVK,2020-10-26T00:00:00Z,14008,71
Slovakia,SVK,2020-10-19T00:00:00Z,9984,27
Slovakia,SVK,2020-10-12T00:00:00Z,6712,6
Slovakia,SVK,2020-10-05T00:00:00Z,4061,11
Slovakia,SVK,2020-09-28T00:00:00Z,2401,5
Slovakia,SVK,2020-09-21T00:00:00Z,1145,1
Slovakia,SVK,2020-09-14T00:00:00Z,918,1
Slovakia,SVK,2020-09-07T00:00:00Z,738,4
Slovakia,SVK,2020-08-31T00:00:00Z,520,0
Slovakia,SVK,2020-08-24T00:00:00Z,454,2
Slovakia,SVK,2020-08-17T00:00:00Z,306,0
Slovakia,SVK,2020-08-10T00:00:00Z,252,2
Slovakia,SVK,2020-08-03T00:00:00Z,165,1
Slovakia,SVK,2020-07-27T00:00:00Z,200,0
Slovakia,SVK,2020-07-20T00:00:00Z,78,0
Slovakia,SVK,2020-07-13T00:00:00Z,137,0
Slovakia,SVK,2020-07-06T00:00:00Z,100,0
Slovakia,SVK,2020-06-29T00:00:00Z,77,0
Slovakia,SVK,2020-06-22T00:00:00Z,39,0
Slovakia,SVK,2020-06-15T00:00:00Z,20,0
Slovakia,SVK,2020-06-08T00:00:00Z,6,0
Slovakia,SVK,2020-06-01T00:00:00Z,13,0
Slovakia,SVK,2020-05-25T00:00:00Z,15,0
Slovakia,SVK,2020-05-18T00:00:00Z,37,2
Slovakia,SVK,2020-05-11T00:00:00Z,49,2
Slovakia,SVK,2020-05-04T00:00:00Z,29,6
Slovakia,SVK,2020-04-27T00:00:00Z,218,6
Slovakia,SVK,2020-04-20T00:00:00Z,419,10
Slovakia,SVK,2020-04-13T00:00:00Z,257,2
Slovakia,SVK,2020-04-06T00:00:00Z,149,0
Slovakia,SVK,2020-03-30T00:00:00Z,151,0
Slovakia,SVK,2020-03-23T00:00:00Z,124,0
Slovakia,SVK,2020-03-16T00:00:00Z,56,0
Slovakia,SVK,2020-03-09T00:00:00Z,5,0
Slovenia,SVN,2021-01-18T00:00:00Z,9721,224
Slovenia,SVN,2021-01-11T00:00:00Z,13855,256
Slovenia,SVN,2021-01-04T00:00:00Z,10531,307
Slovenia,SVN,2020-12-28T00:00:00Z,9428,216
Slovenia,SVN,2020-12-21T00:00:00Z,9585,156
Slovenia,SVN,2020-12-14T00:00:00Z,10509,954
Slovenia,SVN,2020-12-07T00:00:00Z,10424,331
Slovenia,SVN,2020-11-30T00:00:00Z,10073,264
Slovenia,SVN,2020-11-23T00:00:00Z,10266,152
Slovenia,SVN,2020-11-16T00:00:00Z,9881,129
Slovenia,SVN,2020-11-09T00:00:00Z,9512,146
Slovenia,SVN,2020-11-02T00:00:00Z,12699,53
Slovenia,SVN,2020-10-26T00:00:00Z,9806,22
Slovenia,SVN,2020-10-19T00:00:00Z,4479,19
Slovenia,SVN,2020-10-12T00:00:00Z,2167,2
Slovenia,SVN,2020-10-05T00:00:00Z,1148,4
Slovenia,SVN,2020-09-28T00:00:00Z,930,3
Slovenia,SVN,2020-09-21T00:00:00Z,718,2
Slovenia,SVN,2020-09-14T00:00:00Z,528,1
Slovenia,SVN,2020-09-07T00:00:00Z,309,2
Slovenia,SVN,2020-08-31T00:00:00Z,214,1
Slovenia,SVN,2020-08-24T00:00:00Z,235,3
Slovenia,SVN,2020-08-17T00:00:00Z,167,4
Slovenia,SVN,2020-08-10T00:00:00Z,69,3
Slovenia,SVN,2020-08-03T00:00:00Z,98,2
Slovenia,SVN,2020-07-27T00:00:00Z,136,4
Slovenia,SVN,2020-07-20T00:00:00Z,105,0
Slovenia,SVN,2020-07-13T00:00:00Z,141,0
Slovenia,SVN,2020-07-06T00:00:00Z,119,0
Slovenia,SVN,2020-06-29T00:00:00Z,61,2
Slovenia,SVN,2020-06-22T00:00:00Z,25,0
Slovenia,SVN,2020-06-15T00:00:00Z,10,1
Slovenia,SVN,2020-06-08T00:00:00Z,12,0
Slovenia,SVN,2020-06-01T00:00:00Z,4,2
Slovenia,SVN,2020-05-25T00:00:00Z,3,2
Slovenia,SVN,2020-05-18T00:00:00Z,6,2
Slovenia,SVN,2020-05-11T00:00:00Z,21,6
Slovenia,SVN,2020-05-04T00:00:00Z,32,14
Slovenia,SVN,2020-04-27T00:00:00Z,77,8
Slovenia,SVN,2020-04-20T00:00:00Z,125,21
Slovenia,SVN,2020-04-13T00:00:00Z,208,25
Slovenia,SVN,2020-04-06T00:00:00Z,267,17
Slovenia,SVN,2020-03-30T00:00:00Z,316,10
Slovenia,SVN,2020-03-23T00:00:00Z,195,1
Slovenia,SVN,2020-03-16T00:00:00Z,203,0
Slovenia,SVN,2020-03-09T00:00:00Z,16,0
Spain,ESP,2021-01-18T00:00:00Z,224669,1494
Spain,ESP,2021-01-11T00:00:00Z,152938,1197
Spain,ESP,2021-01-04T00:00:00Z,79431,956
Spain,ESP,2020-12-28T00:00:00Z,60164,862
Spain,ESP,2020-12-21T00:00:00Z,67365,1247
Spain,ESP,2020-12-14T00:00:00Z,49556,1367
Spain,ESP,2020-12-07T00:00:00Z,54141,1577
Spain,ESP,2020-11-30T00:00:00Z,65571,1938
Spain,ESP,2020-11-23T00:00:00Z,85752,1878
Spain,ESP,2020-11-16T00:00:00Z,115646,1908
Spain,ESP,2020-11-09T00:00:00Z,140521,3088
Spain,ESP,2020-11-02T00:00:00Z,142377,1226
Spain,ESP,2020-10-26T00:00:00Z,123871,1039
Spain,ESP,2020-10-19T00:00:00Z,85481,868
Spain,ESP,2020-10-12T00:00:00Z,75556,899
Spain,ESP,2020-10-05T00:00:00Z,65146,814
Spain,ESP,2020-09-28T00:00:00Z,76798,748
Spain,ESP,2020-09-21T00:00:00Z,77738,815
Spain,ESP,2020-09-14T00:00:00Z,68181,332
Spain,ESP,2020-09-07T00:00:00Z,62691,422
Spain,ESP,2020-08-31T00:00:00Z,57422,222
Spain,ESP,2020-08-24T00:00:00Z,46354,226
Spain,ESP,2020-08-17T00:00:00Z,36102,70
Spain,ESP,2020-08-10T00:00:00Z,25926,104
Spain,ESP,2020-08-03T00:00:00Z,18272,38
Spain,ESP,2020-07-27T00:00:00Z,13946,12
Spain,ESP,2020-07-20T00:00:00Z,8883,16
Spain,ESP,2020-07-13T00:00:00Z,4164,18
Spain,ESP,2020-07-06T00:00:00Z,2819,42
Spain,ESP,2020-06-29T00:00:00Z,2466,22
Spain,ESP,2020-06-22T00:00:00Z,2395,1188
Spain,ESP,2020-06-15T00:00:00Z,2392,0
Spain,ESP,2020-06-08T00:00:00Z,2079,9
Spain,ESP,2020-06-01T00:00:00Z,4238,293
Spain,ESP,2020-05-25T00:00:00Z,3794,-875
Spain,ESP,2020-05-18T00:00:00Z,3836,965
Spain,ESP,2020-05-11T00:00:00Z,8565,1316
Spain,ESP,2020-05-04T00:00:00Z,7635,2238
Spain,ESP,2020-04-27T00:00:00Z,16100,2338
Spain,ESP,2020-04-20T00:00:00Z,20519,3880
Spain,ESP,2020-04-13T00:00:00Z,32553,4554
Spain,ESP,2020-04-06T00:00:00Z,46276,5890
Spain,ESP,2020-03-30T00:00:00Z,54860,4808
Spain,ESP,2020-03-23T00:00:00Z,29771,1432
Spain,ESP,2020-03-16T00:00:00Z,9964,283
Spain,ESP,2020-03-09T00:00:00Z,1391,5
Spain,ESP,2020-03-02T00:00:00Z,134,0
Spain,ESP,2020-02-24T00:00:00Z,0,0
Spain,ESP,2020-02-17T00:00:00Z,0,0
Spain,ESP,2020-02-10T00:00:00Z,1,0
Spain,ESP,2020-02-03T00:00:00Z,1,0
Spain,ESP,2020-01-27T00:00:00Z,0,0
Spain,ESP,2020-01-20T00:00:00Z,0,0
Spain,ESP,2020-01-13T00:00:00Z,0,0
Spain,ESP,2020-01-06T00:00:00Z,0,0
Sweden,SWE,2021-01-18T00:00:00Z,28970,178
Sweden,SWE,2021-01-11T00:00:00Z,39467,469
Sweden,SWE,2021-01-04T00:00:00Z,41338,591
Sweden,SWE,2020-12-28T00:00:00Z,37141,676
Sweden,SWE,2020-12-21T00:00:00Z,46185,623
Sweden,SWE,2020-12-14T00:00:00Z,43630,532
Sweden,SWE,2020-12-07T00:00:00Z,36841,466
Sweden,SWE,2020-11-30T00:00:00Z,35561,428
Sweden,SWE,2020-11-23T00:00:00Z,31955,348
Sweden,SWE,2020-11-16T00:00:00Z,31322,237
Sweden,SWE,2020-11-09T00:00:00Z,25405,171
Sweden,SWE,2020-11-02T00:00:00Z,18475,91
Sweden,SWE,2020-10-26T00:00:00Z,9157,50
Sweden,SWE,2020-10-19T00:00:00Z,5620,17
Sweden,SWE,2020-10-12T00:00:00Z,4278,23
Sweden,SWE,2020-10-05T00:00:00Z,3642,18
Sweden,SWE,2020-09-28T00:00:00Z,2919,10
Sweden,SWE,2020-09-21T00:00:00Z,2080,12
Sweden,SWE,2020-09-14T00:00:00Z,1592,14
Sweden,SWE,2020-09-07T00:00:00Z,1332,11
Sweden,SWE,2020-08-31T00:00:00Z,1200,11
Sweden,SWE,2020-08-24T00:00:00Z,1687,17
Sweden,SWE,2020-08-17T00:00:00Z,2052,17
Sweden,SWE,2020-08-10T00:00:00Z,2014,16
Sweden,SWE,2020-08-03T00:00:00Z,1556,16
Sweden,SWE,2020-07-27T00:00:00Z,1316,30
Sweden,SWE,2020-07-20T00:00:00Z,1622,51
Sweden,SWE,2020-07-13T00:00:00Z,2179,82
Sweden,SWE,2020-07-06T00:00:00Z,4276,97
Sweden,SWE,2020-06-29T00:00:00Z,7459,134
Sweden,SWE,2020-06-22T00:00:00Z,7073,190
Sweden,SWE,2020-06-15T00:00:00Z,7123,227
Sweden,SWE,2020-06-08T00:00:00Z,6021,244
Sweden,SWE,2020-06-01T00:00:00Z,4281,271
Sweden,SWE,2020-05-25T00:00:00Z,3659,343
Sweden,SWE,2020-05-18T00:00:00Z,3869,375
Sweden,SWE,2020-05-11T00:00:00Z,4152,491
Sweden,SWE,2020-05-04T00:00:00Z,3832,554
Sweden,SWE,2020-04-27T00:00:00Z,4201,535
Sweden,SWE,2020-04-20T00:00:00Z,3751,659
Sweden,SWE,2020-04-13T00:00:00Z,3739,658
Sweden,SWE,2020-04-06T00:00:00Z,3229,496
Sweden,SWE,2020-03-30T00:00:00Z,1957,224
Sweden,SWE,2020-03-23T00:00:00Z,924,53
Sweden,SWE,2020-03-16T00:00:00Z,838,8
Sweden,SWE,2020-03-09T00:00:00Z,211,0
Sweden,SWE,2020-03-02T00:00:00Z,13,0
Sweden,SWE,2020-02-24T00:00:00Z,0,0
Sweden,SWE,2020-02-17T00:00:00Z,0,0
Sweden,SWE,2020-02-10T00:00:00Z,1,0
Sweden,SWE,2020-02-03T00:00:00Z,0,0
Sweden,SWE,2020-01-27T00:00:00Z,0,0
Sweden,SWE,2020-01-20T00:00:00Z,0,0
Sweden,SWE,2020-01-13T00:00:00Z,0,0
Sweden,SWE,2020-01-06T00:00:00Z,0,0
Switzerland,CHE,2021-01-18T00:00:00Z,15378,392
Switzerland,CHE,2021-01-11T00:00:00Z,22434,417
Switzerland,CHE,2021-01-04T00:00:00Z,23414,495
Switzerland,CHE,2020-12-28T00:00:00Z,24084,563
Switzerland,CHE,2020-12-21T00:00:00Z,39833,802
Switzerland,CHE,2020-12-14T00:00:00Z,29228,546
Switzerland,CHE,2020-12-07T00:00:00Z,26084,596
Switzerland,CHE,2020-11-30T00:00:00Z,27534,669
Switzerland,CHE,2020-11-23T00:00:00Z,33297,611
Switzerland,CHE,2020-11-16T00:00:00Z,45026,552
Switzerland,CHE,2020-11-09T00:00:00Z,57432,369
Switzerland,CHE,2020-11-02T00:00:00Z,50405,159
Switzerland,CHE,2020-10-26T00:00:00Z,28901,53
Switzerland,CHE,2020-10-19T00:00:00Z,14192,30
Switzerland,CHE,2020-10-12T00:00:00Z,5967,10
Switzerland,CHE,2020-10-05T00:00:00Z,2399,5
Switzerland,CHE,2020-09-28T00:00:00Z,2693,14
Switzerland,CHE,2020-09-21T00:00:00Z,2103,18
Switzerland,CHE,2020-09-14T00:00:00Z,2775,14
Switzerland,CHE,2020-09-07T00:00:00Z,2387,8
Switzerland,CHE,2020-08-31T00:00:00Z,2104,5
Switzerland,CHE,2020-08-24T00:00:00Z,1771,4
Switzerland,CHE,2020-08-17T00:00:00Z,1517,4
Switzerland,CHE,2020-08-10T00:00:00Z,1053,6
Switzerland,CHE,2020-08-03T00:00:00Z,1136,5
Switzerland,CHE,2020-07-27T00:00:00Z,821,13
Switzerland,CHE,2020-07-20T00:00:00Z,706,2
Switzerland,CHE,2020-07-13T00:00:00Z,614,0
Switzerland,CHE,2020-07-06T00:00:00Z,650,4
Switzerland,CHE,2020-06-29T00:00:00Z,325,2
Switzerland,CHE,2020-06-22T00:00:00Z,175,3
Switzerland,CHE,2020-06-15T00:00:00Z,152,16
Switzerland,CHE,2020-06-08T00:00:00Z,103,4
Switzerland,CHE,2020-06-01T00:00:00Z,126,15
Switzerland,CHE,2020-05-25T00:00:00Z,149,39
Switzerland,CHE,2020-05-18T00:00:00Z,282,65
Switzerland,CHE,2020-05-11T00:00:00Z,400,65
Switzerland,CHE,2020-05-04T00:00:00Z,844,136
Switzerland,CHE,2020-04-27T00:00:00Z,1320,202
Switzerland,CHE,2020-04-20T00:00:00Z,2438,276
Switzerland,CHE,2020-04-13T00:00:00Z,4198,299
Switzerland,CHE,2020-04-06T00:00:00Z,6748,302
Switzerland,CHE,2020-03-30T00:00:00Z,7303,197
Switzerland,CHE,2020-03-23T00:00:00Z,4771,47
Switzerland,CHE,2020-03-16T00:00:00Z,1868,11
Switzerland,CHE,2020-03-09T00:00:00Z,308,2
Switzerland,CHE,2020-03-02T00:00:00Z,24,0
Switzerland,CHE,2020-02-24T00:00:00Z,0,0
Switzerland,CHE,2020-02-17T00:00:00Z,0,0
Switzerland,CHE,2020-02-10T00:00:00Z,0,0
Switzerland,CHE,2020-02-03T00:00:00Z,0,0
Switzerland,CHE,2020-01-27T00:00:00Z,0,0
Switzerland,CHE,2020-01-20T00:00:00Z,0,0
Switzerland,CHE,2020-01-13T00:00:00Z,0,0
Switzerland,CHE,2020-01-06T00:00:00Z,0,0
Ukraine,UKR,2021-01-18T00:00:00Z,44402,1034
Ukraine,UKR,2021-01-11T00:00:00Z,45221,981
Ukraine,UKR,2021-01-04T00:00:00Z,43719,1005
Ukraine,UKR,2020-12-28T00:00:00Z,59381,1184
Ukraine,UKR,2020-12-21T00:00:00Z,70327,1418
Ukraine,UKR,2020-12-14T00:00:00Z,87360,1659
Ukraine,UKR,2020-12-07T00:00:00Z,90627,1375
Ukraine,UKR,2020-11-30T00:00:00Z,110014,1400
Ukraine,UKR,2020-11-23T00:00:00Z,76808,1210
Ukraine,UKR,2020-11-16T00:00:00Z,75526,1153
Ukraine,UKR,2020-11-09T00:00:00Z,64891,1144
Ukraine,UKR,2020-11-02T00:00:00Z,51951,915
Ukraine,UKR,2020-10-26T00:00:00Z,39851,718
Ukraine,UKR,2020-10-19T00:00:00Z,42604,701
Ukraine,UKR,2020-10-12T00:00:00Z,34572,575
Ukraine,UKR,2020-10-05T00:00:00Z,27828,438
Ukraine,UKR,2020-09-28T00:00:00Z,22956,402
Ukraine,UKR,2020-09-21T00:00:00Z,21343,379
Ukraine,UKR,2020-09-14T00:00:00Z,18441,367
Ukraine,UKR,2020-09-07T00:00:00Z,16820,284
Ukraine,UKR,2020-08-31T00:00:00Z,14116,256
Ukraine,UKR,2020-08-24T00:00:00Z,12138,182
Ukraine,UKR,2020-08-17T00:00:00Z,10863,167
Ukraine,UKR,2020-08-10T00:00:00Z,9789,197
Ukraine,UKR,2020-08-03T00:00:00Z,7319,120
Ukraine,UKR,2020-07-27T00:00:00Z,6007,120
Ukraine,UKR,2020-07-20T00:00:00Z,5321,102
Ukraine,UKR,2020-07-13T00:00:00Z,5021,134
Ukraine,UKR,2020-07-06T00:00:00Z,5518,120
Ukraine,UKR,2020-06-29T00:00:00Z,6422,127
Ukraine,UKR,2020-06-22T00:00:00Z,5406,113
Ukraine,UKR,2020-06-15T00:00:00Z,4155,101
Ukraine,UKR,2020-06-08T00:00:00Z,3327,80
Ukraine,UKR,2020-06-01T00:00:00Z,2686,91
Ukraine,UKR,2020-05-25T00:00:00Z,2695,103
Ukraine,UKR,2020-05-18T00:00:00Z,3059,123
Ukraine,UKR,2020-05-11T00:00:00Z,3319,103
Ukraine,UKR,2020-05-04T00:00:00Z,3296,79
Ukraine,UKR,2020-04-27T00:00:00Z,3168,68
Ukraine,UKR,2020-04-20T00:00:00Z,2672,58
Ukraine,UKR,2020-04-13T00:00:00Z,1469,46
Ukraine,UKR,2020-04-06T00:00:00Z,890,28
Ukraine,UKR,2020-03-30T00:00:00Z,371,6
Ukraine,UKR,2020-03-23T00:00:00Z,44,3
Ukraine,UKR,2020-03-16T00:00:00Z,3,0
United Kingdom,GBR,2021-01-18T00:00:00Z,323610,7830
United Kingdom,GBR,2021-01-11T00:00:00Z,417570,6407
United Kingdom,GBR,2021-01-04T00:00:00Z,325049,3915
United Kingdom,GBR,2020-12-28T00:00:00Z,289583,3708
United Kingdom,GBR,2020-12-21T00:00:00Z,190744,3231
United Kingdom,GBR,2020-12-14T00:00:00Z,126161,2925
United Kingdom,GBR,2020-12-07T00:00:00Z,105915,3000
United Kingdom,GBR,2020-11-30T00:00:00Z,105282,3494
United Kingdom,GBR,2020-11-23T00:00:00Z,142727,2817
United Kingdom,GBR,2020-11-16T00:00:00Z,177305,2890
United Kingdom,GBR,2020-11-09T00:00:00Z,157099,2327
United Kingdom,GBR,2020-11-02T00:00:00Z,161114,1821
United Kingdom,GBR,2020-10-26T00:00:00Z,151391,1250
United Kingdom,GBR,2020-10-19T00:00:00Z,118693,821
United Kingdom,GBR,2020-10-12T00:00:00Z,100738,475
United Kingdom,GBR,2020-10-05T00:00:00Z,68009,362
United Kingdom,GBR,2020-09-28T00:00:00Z,40712,211
United Kingdom,GBR,2020-09-21T00:00:00Z,25753,149
United Kingdom,GBR,2020-09-14T00:00:00Z,21352,77
United Kingdom,GBR,2020-09-07T00:00:00Z,12685,52
United Kingdom,GBR,2020-08-31T00:00:00Z,8825,70
United Kingdom,GBR,2020-08-24T00:00:00Z,7158,63
United Kingdom,GBR,2020-08-17T00:00:00Z,7659,88
United Kingdom,GBR,2020-08-10T00:00:00Z,6130,71
United Kingdom,GBR,2020-08-03T00:00:00Z,4444,96
United Kingdom,GBR,2020-07-27T00:00:00Z,4549,116
United Kingdom,GBR,2020-07-20T00:00:00Z,4310,150
United Kingdom,GBR,2020-07-13T00:00:00Z,4271,213
United Kingdom,GBR,2020-07-06T00:00:00Z,4026,312
United Kingdom,GBR,2020-06-29T00:00:00Z,5240,442
United Kingdom,GBR,2020-06-22T00:00:00Z,6680,512
United Kingdom,GBR,2020-06-15T00:00:00Z,7136,747
United Kingdom,GBR,2020-06-08T00:00:00Z,8524,1174
United Kingdom,GBR,2020-06-01T00:00:00Z,10907,1488
United Kingdom,GBR,2020-05-25T00:00:00Z,16360,2137
United Kingdom,GBR,2020-05-18T00:00:00Z,19857,2428
United Kingdom,GBR,2020-05-11T00:00:00Z,22867,3174
United Kingdom,GBR,2020-05-04T00:00:00Z,31282,4227
United Kingdom,GBR,2020-04-27T00:00:00Z,32830,5512
United Kingdom,GBR,2020-04-20T00:00:00Z,32027,6166
United Kingdom,GBR,2020-04-13T00:00:00Z,32205,6440
United Kingdom,GBR,2020-04-06T00:00:00Z,30357,4197
United Kingdom,GBR,2020-03-30T00:00:00Z,17889,1388
United Kingdom,GBR,2020-03-23T00:00:00Z,6329,245
United Kingdom,GBR,2020-03-16T00:00:00Z,2193,41
United Kingdom,GBR,2020-03-09T00:00:00Z,365,2
United Kingdom,GBR,2020-03-02T00:00:00Z,36,0
United Kingdom,GBR,2020-02-24T00:00:00Z,1,0
United Kingdom,GBR,2020-02-17T00:00:00Z,2,0
United Kingdom,GBR,2020-02-10T00:00:00Z,6,0
United Kingdom,GBR,2020-02-03T00:00:00Z,2,0
United Kingdom,GBR,2020-01-27T00:00:00Z,0,0
United Kingdom,GBR,2020-01-20T00:00:00Z,0,0
United Kingdom,GBR,2020-01-13T00:00:00Z,0,0
United Kingdom,GBR,2020-01-06T00:00:00Z,0,0
